name,id,hp,attack,defense,special_attack,special_defense,speed,height,weight,type_1,type_2
Bulbasaur,1,45,49,49,65,65,45,7,69,Grass,Poison
Ivysaur,2,60,62,63,80,80,60,10,130,Grass,Poison
Venusaur,3,80,82,83,100,100,80,20,1000,Grass,Poison
Charmander,4,39,52,43,60,50,65,6,85,Fire,
Charmeleon,5,58,64,58,80,65,80,11,190,Fire,
Charizard,6,78,84,78,109,85,100,17,905,Fire,Flying
Squirtle,7,44,48,65,50,64,43,5,90,Water,
Wartortle,8,59,63,80,65,80,58,10,225,Water,
Blastoise,9,79,83,100,85,105,78,16,855,Water,
Caterpie,10,45,30,35,20,20,45,3,29,Bug,
Metapod,11,50,20,55,25,25,30,7,99,Bug,
Butterfree,12,60,45,50,90,80,70,11,320,Bug,Flying
Weedle,13,40,35,30,20,20,50,3,32,Bug,Poison
Kakuna,14,45,25,50,25,25,35,6,100,Bug,Poison
Beedrill,15,65,90,40,45,80,75,10,295,Bug,Poison
Pidgey,16,40,45,40,35,35,56,3,18,Normal,Flying
Pidgeotto,17,63,60,55,50,50,71,11,300,Normal,Flying
Pidgeot,18,83,80,75,70,70,101,15,395,Normal,Flying
Rattata,19,30,56,35,25,35,72,3,35,Normal,
Raticate,20,55,81,60,50,70,97,7,185,Normal,
Spearow,21,40,60,30,31,31,70,3,20,Normal,Flying
Fearow,22,65,90,65,61,61,100,12,380,Normal,Flying
Ekans,23,35,60,44,40,54,55,20,69,Poison,
Arbok,24,60,95,69,65,79,80,35,650,Poison,
Pikachu,25,35,55,40,50,50,90,4,60,Electric,
Raichu,26,60,90,55,90,80,110,8,300,Electric,
Sandshrew,27,50,75,85,20,30,40,6,120,Ground,
Sandslash,28,75,100,110,45,55,65,10,295,Ground,
Nidoran-F,29,55,47,52,40,40,41,4,70,Poison,
Nidorina,30,70,62,67,55,55,56,8,200,Poison,
Nidoqueen,31,90,92,87,75,85,76,13,600,Poison,Ground
Nidoran-M,32,46,57,40,40,40,50,5,90,Poison,
Nidorino,33,61,72,57,55,55,65,9,195,Poison,
Nidoking,34,81,102,77,85,75,85,14,620,Poison,Ground
Clefairy,35,70,45,48,60,65,35,6,75,Fairy,
Clefable,36,95,70,73,95,90,60,13,400,Fairy,
Vulpix,37,38,41,40,50,65,65,6,99,Fire,
Ninetales,38,73,76,75,81,100,100,11,199,Fire,
Jigglypuff,39,115,45,20,45,25,20,5,55,Normal,Fairy
Wigglytuff,40,140,70,45,85,50,45,10,120,Normal,Fairy
Zubat,41,40,45,35,30,40,55,8,75,Poison,Flying
Golbat,42,75,80,70,65,75,90,16,550,Poison,Flying
Oddish,43,45,50,55,75,65,30,5,54,Grass,Poison
Gloom,44,60,65,70,85,75,40,8,86,Grass,Poison
Vileplume,45,75,80,85,110,90,50,12,186,Grass,Poison
Paras,46,35,70,55,45,55,25,3,54,Bug,Grass
Parasect,47,60,95,80,60,80,30,10,295,Bug,Grass
Venonat,48,60,55,50,40,55,45,10,300,Bug,Poison
Venomoth,49,70,65,60,90,75,90,15,125,Bug,Poison
Diglett,50,10,55,25,35,45,95,2,8,Ground,
Dugtrio,51,35,100,50,50,70,120,7,333,Ground,
Meowth,52,40,45,35,40,40,90,4,42,Normal,
Persian,53,65,70,60,65,65,115,10,320,Normal,
Psyduck,54,50,52,48,65,50,55,8,196,Water,
Golduck,55,80,82,78,95,80,85,17,766,Water,
Mankey,56,40,80,35,35,45,70,5,280,Fighting,
Primeape,57,65,105,60,60,70,95,10,320,Fighting,
Growlithe,58,55,70,45,70,50,60,7,190,Fire,
Arcanine,59,90,110,80,100,80,95,19,1550,Fire,
Poliwag,60,40,50,40,40,40,90,6,124,Water,
Poliwhirl,61,65,65,65,50,50,90,10,200,Water,
Poliwrath,62,90,95,95,70,90,70,13,540,Water,Fighting
Abra,63,25,20,15,105,55,90,9,195,Psychic,
Kadabra,64,40,35,30,120,70,105,13,565,Psychic,
Alakazam,65,55,50,45,135,95,120,15,480,Psychic,
Machop,66,70,80,50,35,35,35,8,195,Fighting,
Machoke,67,80,100,70,50,60,45,15,705,Fighting,
Machamp,68,90,130,80,65,85,55,16,1300,Fighting,
Bellsprout,69,50,75,35,70,30,40,7,40,Grass,Poison
Weepinbell,70,65,90,50,85,45,55,10,64,Grass,Poison
Victreebel,71,80,105,65,100,70,70,17,155,Grass,Poison
Tentacool,72,40,40,35,50,100,70,9,455,Water,Poison
Tentacruel,73,80,70,65,80,120,100,16,550,Water,Poison
Geodude,74,40,80,100,30,30,20,4,200,Rock,Ground
Graveler,75,55,95,115,45,45,35,10,1050,Rock,Ground
Golem,76,80,120,130,55,65,45,14,3000,Rock,Ground
Ponyta,77,50,85,55,65,65,90,10,300,Fire,
Rapidash,78,65,100,70,80,80,105,17,950,Fire,
Slowpoke,79,90,65,65,40,40,15,12,360,Water,Psychic
Slowbro,80,95,75,110,100,80,30,16,785,Water,Psychic
Magnemite,81,25,35,70,95,55,45,3,60,Electric,Steel
Magneton,82,50,60,95,120,70,70,10,600,Electric,Steel
Farfetchd,83,52,90,55,58,62,60,8,150,Normal,Flying
Doduo,84,35,85,45,35,35,75,14,392,Normal,Flying
Dodrio,85,60,110,70,60,60,110,18,852,Normal,Flying
Seel,86,65,45,55,45,70,45,11,900,Water,
Dewgong,87,90,70,80,70,95,70,17,1200,Water,Ice
Grimer,88,80,80,50,40,50,25,9,300,Poison,
Muk,89,105,105,75,65,100,50,12,300,Poison,
Shellder,90,30,65,100,45,25,40,3,40,Water,
Cloyster,91,50,95,180,85,45,70,15,1325,Water,Ice
Gastly,92,30,35,30,100,35,80,13,1,Ghost,Poison
Haunter,93,45,50,45,115,55,95,16,1,Ghost,Poison
Gengar,94,60,65,60,130,75,110,15,405,Ghost,Poison
Onix,95,35,45,160,30,45,70,88,2100,Rock,Ground
Drowzee,96,60,48,45,43,90,42,10,324,Psychic,
Hypno,97,85,73,70,73,115,67,16,756,Psychic,
Krabby,98,30,105,90,25,25,50,4,65,Water,
Kingler,99,55,130,115,50,50,75,13,600,Water,
Voltorb,100,40,30,50,55,55,100,5,104,Electric,
Electrode,101,60,50,70,80,80,150,12,666,Electric,
Exeggcute,102,60,40,80,60,45,40,4,25,Grass,Psychic
Exeggutor,103,95,95,85,125,75,55,20,1200,Grass,Psychic
Cubone,104,50,50,95,40,50,35,4,65,Ground,
Marowak,105,60,80,110,50,80,45,10,450,Ground,
Hitmonlee,106,50,120,53,35,110,87,15,498,Fighting,
Hitmonchan,107,50,105,79,35,110,76,14,502,Fighting,
Lickitung,108,90,55,75,60,75,30,12,655,Normal,
Koffing,109,40,65,95,60,45,35,6,10,Poison,
Weezing,110,65,90,120,85,70,60,12,95,Poison,
Rhyhorn,111,80,85,95,30,30,25,10,1150,Ground,Rock
Rhydon,112,105,130,120,45,45,40,19,1200,Ground,Rock
Chansey,113,250,5,5,35,105,50,11,346,Normal,
Tangela,114,65,55,115,100,40,60,10,350,Grass,
Kangaskhan,115,105,95,80,40,80,90,22,800,Normal,
Horsea,116,30,40,70,70,25,60,4,80,Water,
Seadra,117,55,65,95,95,45,85,12,250,Water,
Goldeen,118,45,67,60,35,50,63,6,150,Water,
Seaking,119,80,92,65,65,80,68,13,390,Water,
Staryu,120,30,45,55,70,55,85,8,345,Water,
Starmie,121,60,75,85,100,85,115,11,800,Water,Psychic
Mr-Mime,122,40,45,65,100,120,90,13,545,Psychic,Fairy
Scyther,123,70,110,80,55,80,105,15,560,Bug,Flying
Jynx,124,65,50,35,115,95,95,14,406,Ice,Psychic
Electabuzz,125,65,83,57,95,85,105,11,300,Electric,
Magmar,126,65,95,57,100,85,93,13,445,Fire,
Pinsir,127,65,125,100,55,70,85,15,550,Bug,
Tauros,128,75,100,95,40,70,110,14,884,Normal,
Magikarp,129,20,10,55,15,20,80,9,100,Water,
Gyarados,130,95,125,79,60,100,81,65,2350,Water,Flying
Lapras,131,130,85,80,85,95,60,25,2200,Water,Ice
Ditto,132,48,48,48,48,48,48,3,40,Normal,
Eevee,133,55,55,50,45,65,55,3,65,Normal,
Vaporeon,134,130,65,60,110,95,65,10,290,Water,
Jolteon,135,65,65,60,110,95,130,8,245,Electric,
Flareon,136,65,130,60,95,110,65,9,250,Fire,
Porygon,137,65,60,70,85,75,40,8,365,Normal,
Omanyte,138,35,40,100,90,55,35,4,75,Rock,Water
Omastar,139,70,60,125,115,70,55,10,350,Rock,Water
Kabuto,140,30,80,90,55,45,55,5,115,Rock,Water
Kabutops,141,60,115,105,65,70,80,13,405,Rock,Water
Aerodactyl,142,80,105,65,60,75,130,18,590,Rock,Flying
Snorlax,143,160,110,65,65,110,30,21,4600,Normal,
Articuno,144,90,85,100,95,125,85,17,554,Ice,Flying
Zapdos,145,90,90,85,125,90,100,16,526,Electric,Flying
Moltres,146,90,100,90,125,85,90,20,600,Fire,Flying
Dratini,147,41,64,45,50,50,50,18,33,Dragon,
Dragonair,148,61,84,65,70,70,70,40,165,Dragon,
Dragonite,149,91,134,95,100,100,80,22,2100,Dragon,Flying
Mewtwo,150,106,110,90,154,90,130,20,1220,Psychic,
Mew,151,100,100,100,100,100,100,4,40,Psychic,
Chikorita,152,45,49,65,49,65,45,9,64,Grass,
Bayleef,153,60,62,80,63,80,60,12,158,Grass,
Meganium,154,80,82,100,83,100,80,18,1005,Grass,
Cyndaquil,155,39,52,43,60,50,65,5,79,Fire,
Quilava,156,58,64,58,80,65,80,9,190,Fire,
Typhlosion,157,78,84,78,109,85,100,17,795,Fire,
Totodile,158,50,65,64,44,48,43,6,95,Water,
Croconaw,159,65,80,80,59,63,58,11,250,Water,
Feraligatr,160,85,105,100,79,83,78,23,888,Water,
Sentret,161,35,46,34,35,45,20,8,60,Normal,
Furret,162,85,76,64,45,55,90,18,325,Normal,
Hoothoot,163,60,30,30,36,56,50,7,212,Normal,Flying
Noctowl,164,100,50,50,86,96,70,16,408,Normal,Flying
Ledyba,165,40,20,30,40,80,55,10,108,Bug,Flying
Ledian,166,55,35,50,55,110,85,14,356,Bug,Flying
Spinarak,167,40,60,40,40,40,30,5,85,Bug,Poison
Ariados,168,70,90,70,60,70,40,11,335,Bug,Poison
Crobat,169,85,90,80,70,80,130,18,750,Poison,Flying
Chinchou,170,75,38,38,56,56,67,5,120,Water,Electric
Lanturn,171,125,58,58,76,76,67,12,225,Water,Electric
Pichu,172,20,40,15,35,35,60,3,20,Electric,
Cleffa,173,50,25,28,45,55,15,3,30,Fairy,
Igglybuff,174,90,30,15,40,20,15,3,10,Normal,Fairy
Togepi,175,35,20,65,40,65,20,3,15,Fairy,
Togetic,176,55,40,85,80,105,40,6,32,Fairy,Flying
Natu,177,40,50,45,70,45,70,2,20,Psychic,Flying
Xatu,178,65,75,70,95,70,95,15,150,Psychic,Flying
Mareep,179,55,40,40,65,45,35,6,78,Electric,
Flaaffy,180,70,55,55,80,60,45,8,133,Electric,
Ampharos,181,90,75,85,115,90,55,14,615,Electric,
Bellossom,182,75,80,95,90,100,50,4,58,Grass,
Marill,183,70,20,50,20,50,40,4,85,Water,Fairy
Azumarill,184,100,50,80,60,80,50,8,285,Water,Fairy
Sudowoodo,185,70,100,115,30,65,30,12,380,Rock,
Politoed,186,90,75,75,90,100,70,11,339,Water,
Hoppip,187,35,35,40,35,55,50,4,5,Grass,Flying
Skiploom,188,55,45,50,45,65,80,6,10,Grass,Flying
Jumpluff,189,75,55,70,55,95,110,8,30,Grass,Flying
Aipom,190,55,70,55,40,55,85,8,115,Normal,
Sunkern,191,30,30,30,30,30,30,3,18,Grass,
Sunflora,192,75,75,55,105,85,30,8,85,Grass,
Yanma,193,65,65,45,75,45,95,12,380,Bug,Flying
Wooper,194,55,45,45,25,25,15,4,85,Water,Ground
Quagsire,195,95,85,85,65,65,35,14,750,Water,Ground
Espeon,196,65,65,60,130,95,110,9,265,Psychic,
Umbreon,197,95,65,110,60,130,65,10,270,Dark,
Murkrow,198,60,85,42,85,42,91,5,21,Dark,Flying
Slowking,199,95,75,80,100,110,30,20,795,Water,Psychic
Misdreavus,200,60,60,60,85,85,85,7,10,Ghost,
Unown,201,48,72,48,72,48,48,5,50,Psychic,
Wobbuffet,202,190,33,58,33,58,33,13,285,Psychic,
Girafarig,203,70,80,65,90,65,85,15,415,Normal,Psychic
Pineco,204,50,65,90,35,35,15,6,72,Bug,
Forretress,205,75,90,140,60,60,40,12,1258,Bug,Steel
Dunsparce,206,100,70,70,65,65,45,15,140,Normal,
Gligar,207,65,75,105,35,65,85,11,648,Ground,Flying
Steelix,208,75,85,200,55,65,30,92,4000,Steel,Ground
Snubbull,209,60,80,50,40,40,30,6,78,Fairy,
Granbull,210,90,120,75,60,60,45,14,487,Fairy,
Qwilfish,211,65,95,85,55,55,85,5,39,Water,Poison
Scizor,212,70,130,100,55,80,65,18,1180,Bug,Steel
Shuckle,213,20,10,230,10,230,5,6,205,Bug,Rock
Heracross,214,80,125,75,40,95,85,15,540,Bug,Fighting
Sneasel,215,55,95,55,35,75,115,9,280,Dark,Ice
Teddiursa,216,60,80,50,50,50,40,6,88,Normal,
Ursaring,217,90,130,75,75,75,55,18,1258,Normal,
Slugma,218,40,40,40,70,40,20,7,350,Fire,
Magcargo,219,60,50,120,90,80,30,8,550,Fire,Rock
Swinub,220,50,50,40,30,30,50,4,65,Ice,Ground
Piloswine,221,100,100,80,60,60,50,11,558,Ice,Ground
Corsola,222,65,55,95,65,95,35,6,50,Water,Rock
Remoraid,223,35,65,35,65,35,65,6,120,Water,
Octillery,224,75,105,75,105,75,45,9,285,Water,
Delibird,225,45,55,45,65,45,75,9,160,Ice,Flying
Mantine,226,85,40,70,80,140,70,21,2200,Water,Flying
Skarmory,227,65,80,140,40,70,70,17,505,Steel,Flying
Houndour,228,45,60,30,80,50,65,6,108,Dark,Fire
Houndoom,229,75,90,50,110,80,95,14,350,Dark,Fire
Kingdra,230,75,95,95,95,95,85,18,1520,Water,Dragon
Phanpy,231,90,60,60,40,40,40,5,335,Ground,
Donphan,232,90,120,120,60,60,50,11,1200,Ground,
Porygon2,233,85,80,90,105,95,60,6,325,Normal,
Stantler,234,73,95,62,85,65,85,14,712,Normal,
Smeargle,235,55,20,35,20,45,75,12,580,Normal,
Tyrogue,236,35,35,35,35,35,35,7,210,Fighting,
Hitmontop,237,50,95,95,35,110,70,14,480,Fighting,
Smoochum,238,45,30,15,85,65,65,4,60,Ice,Psychic
Elekid,239,45,63,37,65,55,95,6,235,Electric,
Magby,240,45,75,37,70,55,83,7,214,Fire,
Miltank,241,95,80,105,40,70,100,12,755,Normal,
Blissey,242,255,10,10,75,135,55,15,468,Normal,
Raikou,243,90,85,75,115,100,115,19,1780,Electric,
Entei,244,115,115,85,90,75,100,21,1980,Fire,
Suicune,245,100,75,115,90,115,85,20,1870,Water,
Larvitar,246,50,64,50,45,50,41,6,720,Rock,Ground
Pupitar,247,70,84,70,65,70,51,12,1520,Rock,Ground
Tyranitar,248,100,134,110,95,100,61,20,2020,Rock,Dark
Lugia,249,106,90,130,90,154,110,52,2160,Psychic,Flying
Ho-Oh,250,106,130,90,110,154,90,38,1990,Fire,Flying
Celebi,251,100,100,100,100,100,100,6,50,Psychic,Grass
Treecko,252,40,45,35,65,55,70,5,50,Grass,
Grovyle,253,50,65,45,85,65,95,9,216,Grass,
Sceptile,254,70,85,65,105,85,120,17,522,Grass,
Torchic,255,45,60,40,70,50,45,4,25,Fire,
Combusken,256,60,85,60,85,60,55,9,195,Fire,Fighting
Blaziken,257,80,120,70,110,70,80,19,520,Fire,Fighting
Mudkip,258,50,70,50,50,50,40,4,76,Water,
Marshtomp,259,70,85,70,60,70,50,7,280,Water,Ground
Swampert,260,100,110,90,85,90,60,15,819,Water,Ground
Poochyena,261,35,55,35,30,30,35,5,136,Dark,
Mightyena,262,70,90,70,60,60,70,10,370,Dark,
Zigzagoon,263,38,30,41,30,41,60,4,175,Normal,
Linoone,264,78,70,61,50,61,100,5,325,Normal,
Wurmple,265,45,45,35,20,30,20,3,36,Bug,
Silcoon,266,50,35,55,25,25,15,6,100,Bug,
Beautifly,267,60,70,50,100,50,65,10,284,Bug,Flying
Cascoon,268,50,35,55,25,25,15,7,115,Bug,
Dustox,269,60,50,70,50,90,65,12,316,Bug,Poison
Lotad,270,40,30,30,40,50,30,5,26,Water,Grass
Lombre,271,60,50,50,60,70,50,12,325,Water,Grass
Ludicolo,272,80,70,70,90,100,70,15,550,Water,Grass
Seedot,273,40,40,50,30,30,30,5,40,Grass,
Nuzleaf,274,70,70,40,60,40,60,10,280,Grass,Dark
Shiftry,275,90,100,60,90,60,80,13,596,Grass,Dark
Taillow,276,40,55,30,30,30,85,3,23,Normal,Flying
Swellow,277,60,85,60,75,50,125,7,198,Normal,Flying
Wingull,278,40,30,30,55,30,85,6,95,Water,Flying
Pelipper,279,60,50,100,95,70,65,12,280,Water,Flying
Ralts,280,28,25,25,45,35,40,4,66,Psychic,Fairy
Kirlia,281,38,35,35,65,55,50,8,202,Psychic,Fairy
Gardevoir,282,68,65,65,125,115,80,16,484,Psychic,Fairy
Surskit,283,40,30,32,50,52,65,5,17,Bug,Water
Masquerain,284,70,60,62,100,82,80,8,36,Bug,Flying
Shroomish,285,60,40,60,40,60,35,4,45,Grass,
Breloom,286,60,130,80,60,60,70,12,392,Grass,Fighting
Slakoth,287,60,60,60,35,35,30,8,240,Normal,
Vigoroth,288,80,80,80,55,55,90,14,465,Normal,
Slaking,289,150,160,100,95,65,100,20,1305,Normal,
Nincada,290,31,45,90,30,30,40,5,55,Bug,Ground
Ninjask,291,61,90,45,50,50,160,8,120,Bug,Flying
Shedinja,292,1,90,45,30,30,40,8,12,Bug,Ghost
Whismur,293,64,51,23,51,23,28,6,163,Normal,
Loudred,294,84,71,43,71,43,48,10,405,Normal,
Exploud,295,104,91,63,91,73,68,15,840,Normal,
Makuhita,296,72,60,30,20,30,25,10,864,Fighting,
Hariyama,297,144,120,60,40,60,50,23,2538,Fighting,
Azurill,298,50,20,40,20,40,20,2,20,Normal,Fairy
Nosepass,299,30,45,135,45,90,30,10,970,Rock,
Skitty,300,50,45,45,35,35,50,6,110,Normal,
Delcatty,301,70,65,65,55,55,90,11,326,Normal,
Sableye,302,50,75,75,65,65,50,5,110,Dark,Ghost
Mawile,303,50,85,85,55,55,50,6,115,Steel,Fairy
Aron,304,50,70,100,40,40,30,4,600,Steel,Rock
Lairon,305,60,90,140,50,50,40,9,1200,Steel,Rock
Aggron,306,70,110,180,60,60,50,21,3600,Steel,Rock
Meditite,307,30,40,55,40,55,60,6,112,Fighting,Psychic
Medicham,308,60,60,75,60,75,80,13,315,Fighting,Psychic
Electrike,309,40,45,40,65,40,65,6,152,Electric,
Manectric,310,70,75,60,105,60,105,15,402,Electric,
Plusle,311,60,50,40,85,75,95,4,42,Electric,
Minun,312,60,40,50,75,85,95,4,42,Electric,
Volbeat,313,65,73,75,47,85,85,7,177,Bug,
Illumise,314,65,47,75,73,85,85,6,177,Bug,
Roselia,315,50,60,45,100,80,65,3,20,Grass,Poison
Gulpin,316,70,43,53,43,53,40,4,103,Poison,
Swalot,317,100,73,83,73,83,55,17,800,Poison,
Carvanha,318,45,90,20,65,20,65,8,208,Water,Dark
Sharpedo,319,70,120,40,95,40,95,18,888,Water,Dark
Wailmer,320,130,70,35,70,35,60,20,1300,Water,
Wailord,321,170,90,45,90,45,60,145,3980,Water,
Numel,322,60,60,40,65,45,35,7,240,Fire,Ground
Camerupt,323,70,100,70,105,75,40,19,2200,Fire,Ground
Torkoal,324,70,85,140,85,70,20,5,804,Fire,
Spoink,325,60,25,35,70,80,60,7,306,Psychic,
Grumpig,326,80,45,65,90,110,80,9,715,Psychic,
Spinda,327,60,60,60,60,60,60,11,50,Normal,
Trapinch,328,45,100,45,45,45,10,7,150,Ground,
Vibrava,329,50,70,50,50,50,70,11,153,Ground,Dragon
Flygon,330,80,100,80,80,80,100,20,820,Ground,Dragon
Cacnea,331,50,85,40,85,40,35,4,513,Grass,
Cacturne,332,70,115,60,115,60,55,13,774,Grass,Dark
Swablu,333,45,40,60,40,75,50,4,12,Normal,Flying
Altaria,334,75,70,90,70,105,80,11,206,Dragon,Flying
Zangoose,335,73,115,60,60,60,90,13,403,Normal,
Seviper,336,73,100,60,100,60,65,27,525,Poison,
Lunatone,337,90,55,65,95,85,70,10,1680,Rock,Psychic
Solrock,338,90,95,85,55,65,70,12,1540,Rock,Psychic
Barboach,339,50,48,43,46,41,60,4,19,Water,Ground
Whiscash,340,110,78,73,76,71,60,9,236,Water,Ground
Corphish,341,43,80,65,50,35,35,6,115,Water,
Crawdaunt,342,63,120,85,90,55,55,11,328,Water,Dark
Baltoy,343,40,40,55,40,70,55,5,215,Ground,Psychic
Claydol,344,60,70,105,70,120,75,15,1080,Ground,Psychic
Lileep,345,66,41,77,61,87,23,10,238,Rock,Grass
Cradily,346,86,81,97,81,107,43,15,604,Rock,Grass
Anorith,347,45,95,50,40,50,75,7,125,Rock,Bug
Armaldo,348,75,125,100,70,80,45,15,682,Rock,Bug
Feebas,349,20,15,20,10,55,80,6,74,Water,
Milotic,350,95,60,79,100,125,81,62,1620,Water,
Castform,351,70,70,70,70,70,70,3,8,Normal,
Kecleon,352,60,90,70,60,120,40,10,220,Normal,
Shuppet,353,44,75,35,63,33,45,6,23,Ghost,
Banette,354,64,115,65,83,63,65,11,125,Ghost,
Duskull,355,20,40,90,30,90,25,8,150,Ghost,
Dusclops,356,40,70,130,60,130,25,16,306,Ghost,
Tropius,357,99,68,83,72,87,51,20,1000,Grass,Flying
Chimecho,358,75,50,80,95,90,65,6,10,Psychic,
Absol,359,65,130,60,75,60,75,12,470,Dark,
Wynaut,360,95,23,48,23,48,23,6,140,Psychic,
Snorunt,361,50,50,50,50,50,50,7,168,Ice,
Glalie,362,80,80,80,80,80,80,15,2565,Ice,
Spheal,363,70,40,50,55,50,25,8,395,Ice,Water
Sealeo,364,90,60,70,75,70,45,11,876,Ice,Water
Walrein,365,110,80,90,95,90,65,14,1506,Ice,Water
Clamperl,366,35,64,85,74,55,32,4,525,Water,
Huntail,367,55,104,105,94,75,52,17,270,Water,
Gorebyss,368,55,84,105,114,75,52,18,226,Water,
Relicanth,369,100,90,130,45,65,55,10,234,Water,Rock
Luvdisc,370,43,30,55,40,65,97,6,87,Water,
Bagon,371,45,75,60,40,30,50,6,421,Dragon,
Shelgon,372,65,95,100,60,50,50,11,1105,Dragon,
Salamence,373,95,135,80,110,80,100,15,1026,Dragon,Flying
Beldum,374,40,55,80,35,60,30,6,952,Steel,Psychic
Metang,375,60,75,100,55,80,50,12,2025,Steel,Psychic
Metagross,376,80,135,130,95,90,70,16,5500,Steel,Psychic
Regirock,377,80,100,200,50,100,50,17,2300,Rock,
Regice,378,80,50,100,100,200,50,18,1750,Ice,
Registeel,379,80,75,150,75,150,50,19,2050,Steel,
Latias,380,80,80,90,110,130,110,14,400,Dragon,Psychic
Latios,381,80,90,80,130,110,110,20,600,Dragon,Psychic
Kyogre,382,100,100,90,150,140,90,45,3520,Water,
Groudon,383,100,150,140,100,90,90,35,9500,Ground,
Rayquaza,384,105,150,90,150,90,95,70,2065,Dragon,Flying
Jirachi,385,100,100,100,100,100,100,3,11,Steel,Psychic
Deoxys-Normal,386,50,150,50,150,50,150,17,608,Psychic,
Turtwig,387,55,68,64,45,55,31,4,102,Grass,
Grotle,388,75,89,85,55,65,36,11,970,Grass,
Torterra,389,95,109,105,75,85,56,22,3100,Grass,Ground
Chimchar,390,44,58,44,58,44,61,5,62,Fire,
Monferno,391,64,78,52,78,52,81,9,220,Fire,Fighting
Infernape,392,76,104,71,104,71,108,12,550,Fire,Fighting
Piplup,393,53,51,53,61,56,40,4,52,Water,
Prinplup,394,64,66,68,81,76,50,8,230,Water,
Empoleon,395,84,86,88,111,101,60,17,845,Water,Steel
Starly,396,40,55,30,30,30,60,3,20,Normal,Flying
Staravia,397,55,75,50,40,40,80,6,155,Normal,Flying
Staraptor,398,85,120,70,50,60,100,12,249,Normal,Flying
Bidoof,399,59,45,40,35,40,31,5,200,Normal,
Bibarel,400,79,85,60,55,60,71,10,315,Normal,Water
Kricketot,401,37,25,41,25,41,25,3,22,Bug,
Kricketune,402,77,85,51,55,51,65,10,255,Bug,
Shinx,403,45,65,34,40,34,45,5,95,Electric,
Luxio,404,60,85,49,60,49,60,9,305,Electric,
Luxray,405,80,120,79,95,79,70,14,420,Electric,
Budew,406,40,30,35,50,70,55,2,12,Grass,Poison
Roserade,407,60,70,65,125,105,90,9,145,Grass,Poison
Cranidos,408,67,125,40,30,30,58,9,315,Rock,
Rampardos,409,97,165,60,65,50,58,16,1025,Rock,
Shieldon,410,30,42,118,42,88,30,5,570,Rock,Steel
Bastiodon,411,60,52,168,47,138,30,13,1495,Rock,Steel
Burmy,412,40,29,45,29,45,36,2,34,Bug,
Wormadam-Plant,413,60,59,85,79,105,36,5,65,Bug,Grass
Mothim,414,70,94,50,94,50,66,9,233,Bug,Flying
Combee,415,30,30,42,30,42,70,3,55,Bug,Flying
Vespiquen,416,70,80,102,80,102,40,12,385,Bug,Flying
Pachirisu,417,60,45,70,45,90,95,4,39,Electric,
Buizel,418,55,65,35,60,30,85,7,295,Water,
Floatzel,419,85,105,55,85,50,115,11,335,Water,
Cherubi,420,45,35,45,62,53,35,4,33,Grass,
Cherrim,421,70,60,70,87,78,85,5,93,Grass,
Shellos,422,76,48,48,57,62,34,3,63,Water,
Gastrodon,423,111,83,68,92,82,39,9,299,Water,Ground
Ambipom,424,75,100,66,60,66,115,12,203,Normal,
Drifloon,425,90,50,34,60,44,70,4,12,Ghost,Flying
Drifblim,426,150,80,44,90,54,80,12,150,Ghost,Flying
Buneary,427,55,66,44,44,56,85,4,55,Normal,
Lopunny,428,65,76,84,54,96,105,12,333,Normal,
Mismagius,429,60,60,60,105,105,105,9,44,Ghost,
Honchkrow,430,100,125,52,105,52,71,9,273,Dark,Flying
Glameow,431,49,55,42,42,37,85,5,39,Normal,
Purugly,432,71,82,64,64,59,112,10,438,Normal,
Chingling,433,45,30,50,65,50,45,2,6,Psychic,
Stunky,434,63,63,47,41,41,74,4,192,Poison,Dark
Skuntank,435,103,93,67,71,61,84,10,380,Poison,Dark
Bronzor,436,57,24,86,24,86,23,5,605,Steel,Psychic
Bronzong,437,67,89,116,79,116,33,13,1870,Steel,Psychic
Bonsly,438,50,80,95,10,45,10,5,150,Rock,
Mime-Jr,439,20,25,45,70,90,60,6,130,Psychic,Fairy
Happiny,440,100,5,5,15,65,30,6,244,Normal,
Chatot,441,76,65,45,92,42,91,5,19,Normal,Flying
Spiritomb,442,50,92,108,92,108,35,10,1080,Ghost,Dark
Gible,443,58,70,45,40,45,42,7,205,Dragon,Ground
Gabite,444,68,90,65,50,55,82,14,560,Dragon,Ground
Garchomp,445,108,130,95,80,85,102,19,950,Dragon,Ground
Munchlax,446,135,85,40,40,85,5,6,1050,Normal,
Riolu,447,40,70,40,35,40,60,7,202,Fighting,
Lucario,448,70,110,70,115,70,90,12,540,Fighting,Steel
Hippopotas,449,68,72,78,38,42,32,8,495,Ground,
Hippowdon,450,108,112,118,68,72,47,20,3000,Ground,
Skorupi,451,40,50,90,30,55,65,8,120,Poison,Bug
Drapion,452,70,90,110,60,75,95,13,615,Poison,Dark
Croagunk,453,48,61,40,61,40,50,7,230,Poison,Fighting
Toxicroak,454,83,106,65,86,65,85,13,444,Poison,Fighting
Carnivine,455,74,100,72,90,72,46,14,270,Grass,
Finneon,456,49,49,56,49,61,66,4,70,Water,
Lumineon,457,69,69,76,69,86,91,12,240,Water,
Mantyke,458,45,20,50,60,120,50,10,650,Water,Flying
Snover,459,60,62,50,62,60,40,10,505,Grass,Ice
Abomasnow,460,90,92,75,92,85,60,22,1355,Grass,Ice
Weavile,461,70,120,65,45,85,125,11,340,Dark,Ice
Magnezone,462,70,70,115,130,90,60,12,1800,Electric,Steel
Lickilicky,463,110,85,95,80,95,50,17,1400,Normal,
Rhyperior,464,115,140,130,55,55,40,24,2828,Ground,Rock
Tangrowth,465,100,100,125,110,50,50,20,1286,Grass,
Electivire,466,75,123,67,95,85,95,18,1386,Electric,
Magmortar,467,75,95,67,125,95,83,16,680,Fire,
Togekiss,468,85,50,95,120,115,80,15,380,Fairy,Flying
Yanmega,469,86,76,86,116,56,95,19,515,Bug,Flying
Leafeon,470,65,110,130,60,65,95,10,255,Grass,
Glaceon,471,65,60,110,130,95,65,8,259,Ice,
Gliscor,472,75,95,125,45,75,95,20,425,Ground,Flying
Mamoswine,473,110,130,80,70,60,80,25,2910,Ice,Ground
Porygon-Z,474,85,80,70,135,75,90,9,340,Normal,
Gallade,475,68,125,65,65,115,80,16,520,Psychic,Fighting
Probopass,476,60,55,145,75,150,40,14,3400,Rock,Steel
Dusknoir,477,45,100,135,65,135,45,22,1066,Ghost,
Froslass,478,70,80,70,80,70,110,13,266,Ice,Ghost
Rotom,479,50,50,77,95,77,91,3,3,Electric,Ghost
Uxie,480,75,75,130,75,130,95,3,3,Psychic,
Mesprit,481,80,105,105,105,105,80,3,3,Psychic,
Azelf,482,75,125,70,125,70,115,3,3,Psychic,
Dialga,483,100,120,120,150,100,90,54,6830,Steel,Dragon
Palkia,484,90,120,100,150,120,100,42,3360,Water,Dragon
Heatran,485,91,90,106,130,106,77,17,4300,Fire,Steel
Regigigas,486,110,160,110,80,110,100,37,4200,Normal,
Giratina-Altered,487,150,100,120,100,120,90,45,7500,Ghost,Dragon
Cresselia,488,120,70,110,75,120,85,15,856,Psychic,
Phione,489,80,80,80,80,80,80,4,31,Water,
Manaphy,490,100,100,100,100,100,100,3,14,Water,
Darkrai,491,70,90,90,135,90,125,15,505,Dark,
Shaymin-Land,492,100,100,100,100,100,100,2,21,Grass,
Arceus,493,120,120,120,120,120,120,32,3200,Normal,
Victini,494,100,100,100,100,100,100,4,40,Psychic,Fire
Snivy,495,45,45,55,45,55,63,6,81,Grass,
Servine,496,60,60,75,60,75,83,8,160,Grass,
Serperior,497,75,75,95,75,95,113,33,630,Grass,
Tepig,498,65,63,45,45,45,45,5,99,Fire,
Pignite,499,90,93,55,70,55,55,10,555,Fire,Fighting
Emboar,500,110,123,65,100,65,65,16,1500,Fire,Fighting
Oshawott,501,55,55,45,63,45,45,5,59,Water,
Dewott,502,75,75,60,83,60,60,8,245,Water,
Samurott,503,95,100,85,108,70,70,15,946,Water,
Patrat,504,45,55,39,35,39,42,5,116,Normal,
Watchog,505,60,85,69,60,69,77,11,270,Normal,
Lillipup,506,45,60,45,25,45,55,4,41,Normal,
Herdier,507,65,80,65,35,65,60,9,147,Normal,
Stoutland,508,85,110,90,45,90,80,12,610,Normal,
Purrloin,509,41,50,37,50,37,66,4,101,Dark,
Liepard,510,64,88,50,88,50,106,11,375,Dark,
Pansage,511,50,53,48,53,48,64,6,105,Grass,
Simisage,512,75,98,63,98,63,101,11,305,Grass,
Pansear,513,50,53,48,53,48,64,6,110,Fire,
Simisear,514,75,98,63,98,63,101,10,280,Fire,
Panpour,515,50,53,48,53,48,64,6,135,Water,
Simipour,516,75,98,63,98,63,101,10,290,Water,
Munna,517,76,25,45,67,55,24,6,233,Psychic,
Musharna,518,116,55,85,107,95,29,11,605,Psychic,
Pidove,519,50,55,50,36,30,43,3,21,Normal,Flying
Tranquill,520,62,77,62,50,42,65,6,150,Normal,Flying
Unfezant,521,80,115,80,65,55,93,12,290,Normal,Flying
Blitzle,522,45,60,32,50,32,76,8,298,Electric,
Zebstrika,523,75,100,63,80,63,116,16,795,Electric,
Roggenrola,524,55,75,85,25,25,15,4,180,Rock,
Boldore,525,70,105,105,50,40,20,9,1020,Rock,
Gigalith,526,85,135,130,60,80,25,17,2600,Rock,
Woobat,527,65,45,43,55,43,72,4,21,Psychic,Flying
Swoobat,528,67,57,55,77,55,114,9,105,Psychic,Flying
Drilbur,529,60,85,40,30,45,68,3,85,Ground,
Excadrill,530,110,135,60,50,65,88,7,404,Ground,Steel
Audino,531,103,60,86,60,86,50,11,310,Normal,
Timburr,532,75,80,55,25,35,35,6,125,Fighting,
Gurdurr,533,85,105,85,40,50,40,12,400,Fighting,
Conkeldurr,534,105,140,95,55,65,45,14,870,Fighting,
Tympole,535,50,50,40,50,40,64,5,45,Water,
Palpitoad,536,75,65,55,65,55,69,8,170,Water,Ground
Seismitoad,537,105,95,75,85,75,74,15,620,Water,Ground
Throh,538,120,100,85,30,85,45,13,555,Fighting,
Sawk,539,75,125,75,30,75,85,14,510,Fighting,
Sewaddle,540,45,53,70,40,60,42,3,25,Bug,Grass
Swadloon,541,55,63,90,50,80,42,5,73,Bug,Grass
Leavanny,542,75,103,80,70,80,92,12,205,Bug,Grass
Venipede,543,30,45,59,30,39,57,4,53,Bug,Poison
Whirlipede,544,40,55,99,40,79,47,12,585,Bug,Poison
Scolipede,545,60,100,89,55,69,112,25,2005,Bug,Poison
Cottonee,546,40,27,60,37,50,66,3,6,Grass,Fairy
Whimsicott,547,60,67,85,77,75,116,7,66,Grass,Fairy
Petilil,548,45,35,50,70,50,30,5,66,Grass,
Lilligant,549,70,60,75,110,75,90,11,163,Grass,
Basculin-Red-Striped,550,70,92,65,80,55,98,10,180,Water,
Sandile,551,50,72,35,35,35,65,7,152,Ground,Dark
Krokorok,552,60,82,45,45,45,74,10,334,Ground,Dark
Krookodile,553,95,117,80,65,70,92,15,963,Ground,Dark
Darumaka,554,70,90,45,15,45,50,6,375,Fire,
Darmanitan-Standard,555,105,140,55,30,55,95,13,929,Fire,
Maractus,556,75,86,67,106,67,60,10,280,Grass,
Dwebble,557,50,65,85,35,35,55,3,145,Bug,Rock
Crustle,558,70,105,125,65,75,45,14,2000,Bug,Rock
Scraggy,559,50,75,70,35,70,48,6,118,Dark,Fighting
Scrafty,560,65,90,115,45,115,58,11,300,Dark,Fighting
Sigilyph,561,72,58,80,103,80,97,14,140,Psychic,Flying
Yamask,562,38,30,85,55,65,30,5,15,Ghost,
Cofagrigus,563,58,50,145,95,105,30,17,765,Ghost,
Tirtouga,564,54,78,103,53,45,22,7,165,Water,Rock
Carracosta,565,74,108,133,83,65,32,12,810,Water,Rock
Archen,566,55,112,45,74,45,70,5,95,Rock,Flying
Archeops,567,75,140,65,112,65,110,14,320,Rock,Flying
Trubbish,568,50,50,62,40,62,65,6,310,Poison,
Garbodor,569,80,95,82,60,82,75,19,1073,Poison,
Zorua,570,40,65,40,80,40,65,7,125,Dark,
Zoroark,571,60,105,60,120,60,105,16,811,Dark,
Minccino,572,55,50,40,40,40,75,4,58,Normal,
Cinccino,573,75,95,60,65,60,115,5,75,Normal,
Gothita,574,45,30,50,55,65,45,4,58,Psychic,
Gothorita,575,60,45,70,75,85,55,7,180,Psychic,
Gothitelle,576,70,55,95,95,110,65,15,440,Psychic,
Solosis,577,45,30,40,105,50,20,3,10,Psychic,
Duosion,578,65,40,50,125,60,30,6,80,Psychic,
Reuniclus,579,110,65,75,125,85,30,10,201,Psychic,
Ducklett,580,62,44,50,44,50,55,5,55,Water,Flying
Swanna,581,75,87,63,87,63,98,13,242,Water,Flying
Vanillite,582,36,50,50,65,60,44,4,57,Ice,
Vanillish,583,51,65,65,80,75,59,11,410,Ice,
Vanilluxe,584,71,95,85,110,95,79,13,575,Ice,
Deerling,585,60,60,50,40,50,75,6,195,Normal,Grass
Sawsbuck,586,80,100,70,60,70,95,19,925,Normal,Grass
Emolga,587,55,75,60,75,60,103,4,50,Electric,Flying
Karrablast,588,50,75,45,40,45,60,5,59,Bug,
Escavalier,589,70,135,105,60,105,20,10,330,Bug,Steel
Foongus,590,69,55,45,55,55,15,2,10,Grass,Poison
Amoonguss,591,114,85,70,85,80,30,6,105,Grass,Poison
Frillish,592,55,40,50,65,85,40,12,330,Water,Ghost
Jellicent,593,100,60,70,85,105,60,22,1350,Water,Ghost
Alomomola,594,165,75,80,40,45,65,12,316,Water,
Joltik,595,50,47,50,57,50,65,1,6,Bug,Electric
Galvantula,596,70,77,60,97,60,108,8,143,Bug,Electric
Ferroseed,597,44,50,91,24,86,10,6,188,Grass,Steel
Ferrothorn,598,74,94,131,54,116,20,10,1100,Grass,Steel
Klink,599,40,55,70,45,60,30,3,210,Steel,
Klang,600,60,80,95,70,85,50,6,510,Steel,
Klinklang,601,60,100,115,70,85,90,6,810,Steel,
Tynamo,602,35,55,40,45,40,60,2,3,Electric,
Eelektrik,603,65,85,70,75,70,40,12,220,Electric,
Eelektross,604,85,115,80,105,80,50,21,805,Electric,
Elgyem,605,55,55,55,85,55,30,5,90,Psychic,
Beheeyem,606,75,75,75,125,95,40,10,345,Psychic,
Litwick,607,50,30,55,65,55,20,3,31,Ghost,Fire
Lampent,608,60,40,60,95,60,55,6,130,Ghost,Fire
Chandelure,609,60,55,90,145,90,80,10,343,Ghost,Fire
Axew,610,46,87,60,30,40,57,6,180,Dragon,
Fraxure,611,66,117,70,40,50,67,10,360,Dragon,
Haxorus,612,76,147,90,60,70,97,18,1055,Dragon,
Cubchoo,613,55,70,40,60,40,40,5,85,Ice,
Beartic,614,95,130,80,70,80,50,26,2600,Ice,
Cryogonal,615,80,50,50,95,135,105,11,1480,Ice,
Shelmet,616,50,40,85,40,65,25,4,77,Bug,
Accelgor,617,80,70,40,100,60,145,8,253,Bug,
Stunfisk,618,109,66,84,81,99,32,7,110,Ground,Electric
Mienfoo,619,45,85,50,55,50,65,9,200,Fighting,
Mienshao,620,65,125,60,95,60,105,14,355,Fighting,
Druddigon,621,77,120,90,60,90,48,16,1390,Dragon,
Golett,622,59,74,50,35,50,35,10,920,Ground,Ghost
Golurk,623,89,124,80,55,80,55,28,3300,Ground,Ghost
Pawniard,624,45,85,70,40,40,60,5,102,Dark,Steel
Bisharp,625,65,125,100,60,70,70,16,700,Dark,Steel
Bouffalant,626,95,110,95,40,95,55,16,946,Normal,
Rufflet,627,70,83,50,37,50,60,5,105,Normal,Flying
Braviary,628,100,123,75,57,75,80,15,410,Normal,Flying
Vullaby,629,70,55,75,45,65,60,5,90,Dark,Flying
Mandibuzz,630,110,65,105,55,95,80,12,395,Dark,Flying
Heatmor,631,85,97,66,105,66,65,14,580,Fire,
Durant,632,58,109,112,48,48,109,3,330,Bug,Steel
Deino,633,52,65,50,45,50,38,8,173,Dark,Dragon
Zweilous,634,72,85,70,65,70,58,14,500,Dark,Dragon
Hydreigon,635,92,105,90,125,90,98,18,1600,Dark,Dragon
Larvesta,636,55,85,55,50,55,60,11,288,Bug,Fire
Volcarona,637,85,60,65,135,105,100,16,460,Bug,Fire
Cobalion,638,91,90,129,90,72,108,21,2500,Steel,Fighting
Terrakion,639,91,129,90,72,90,108,19,2600,Rock,Fighting
Virizion,640,91,90,72,90,129,108,20,2000,Grass,Fighting
Tornadus-Incarnate,641,79,115,70,125,80,111,15,630,Flying,
Thundurus-Incarnate,642,79,115,70,125,80,111,15,610,Electric,Flying
Reshiram,643,100,120,100,150,120,90,32,3300,Dragon,Fire
Zekrom,644,100,150,120,120,100,90,29,3450,Dragon,Electric
Landorus-Incarnate,645,89,125,90,115,80,101,15,680,Ground,Flying
Kyurem,646,125,130,90,130,90,95,30,3250,Dragon,Ice
Keldeo-Ordinary,647,91,72,90,129,90,108,14,485,Water,Fighting
Meloetta-Aria,648,100,77,77,128,128,90,6,65,Normal,Psychic
Genesect,649,71,120,95,120,95,99,15,825,Bug,Steel
Chespin,650,56,61,65,48,45,38,4,90,Grass,
Quilladin,651,61,78,95,56,58,57,7,290,Grass,
Chesnaught,652,88,107,122,74,75,64,16,900,Grass,Fighting
Fennekin,653,40,45,40,62,60,60,4,94,Fire,
Braixen,654,59,59,58,90,70,73,10,145,Fire,
Delphox,655,75,69,72,114,100,104,15,390,Fire,Psychic
Froakie,656,41,56,40,62,44,71,3,70,Water,
Frogadier,657,54,63,52,83,56,97,6,109,Water,
Greninja,658,72,95,67,103,71,122,15,400,Water,Dark
Bunnelby,659,38,36,38,32,36,57,4,50,Normal,
Diggersby,660,85,56,77,50,77,78,10,424,Normal,Ground
Fletchling,661,45,50,43,40,38,62,3,17,Normal,Flying
Fletchinder,662,62,73,55,56,52,84,7,160,Fire,Flying
Talonflame,663,78,81,71,74,69,126,12,245,Fire,Flying
Scatterbug,664,38,35,40,27,25,35,3,25,Bug,
Spewpa,665,45,22,60,27,30,29,3,84,Bug,
Vivillon,666,80,52,50,90,50,89,12,170,Bug,Flying
Litleo,667,62,50,58,73,54,72,6,135,Fire,Normal
Pyroar,668,86,68,72,109,66,106,15,815,Fire,Normal
Flabebe,669,44,38,39,61,79,42,1,1,Fairy,
Floette,670,54,45,47,75,98,52,2,9,Fairy,
Florges,671,78,65,68,112,154,75,11,100,Fairy,
Skiddo,672,66,65,48,62,57,52,9,310,Grass,
Gogoat,673,123,100,62,97,81,68,17,910,Grass,
Pancham,674,67,82,62,46,48,43,6,80,Fighting,
Pangoro,675,95,124,78,69,71,58,21,1360,Fighting,Dark
Furfrou,676,75,80,60,65,90,102,12,280,Normal,
Espurr,677,62,48,54,63,60,68,3,35,Psychic,
Meowstic-Male,678,74,48,76,83,81,104,6,85,Psychic,
Honedge,679,45,80,100,35,37,28,8,20,Steel,Ghost
Doublade,680,59,110,150,45,49,35,8,45,Steel,Ghost
Aegislash-Shield,681,60,50,140,50,140,60,17,530,Steel,Ghost
Spritzee,682,78,52,60,63,65,23,2,5,Fairy,
Aromatisse,683,101,72,72,99,89,29,8,155,Fairy,
Swirlix,684,62,48,66,59,57,49,4,35,Fairy,
Slurpuff,685,82,80,86,85,75,72,8,50,Fairy,
Inkay,686,53,54,53,37,46,45,4,35,Dark,Psychic
Malamar,687,86,92,88,68,75,73,15,470,Dark,Psychic
Binacle,688,42,52,67,39,56,50,5,310,Rock,Water
Barbaracle,689,72,105,115,54,86,68,13,960,Rock,Water
Skrelp,690,50,60,60,60,60,30,5,73,Poison,Water
Dragalge,691,65,75,90,97,123,44,18,815,Poison,Dragon
Clauncher,692,50,53,62,58,63,44,5,83,Water,
Clawitzer,693,71,73,88,120,89,59,13,353,Water,
Helioptile,694,44,38,33,61,43,70,5,60,Electric,Normal
Heliolisk,695,62,55,52,109,94,109,10,210,Electric,Normal
Tyrunt,696,58,89,77,45,45,48,8,260,Rock,Dragon
Tyrantrum,697,82,121,119,69,59,71,25,2700,Rock,Dragon
Amaura,698,77,59,50,67,63,46,13,252,Rock,Ice
Aurorus,699,123,77,72,99,92,58,27,2250,Rock,Ice
Sylveon,700,95,65,65,110,130,60,10,235,Fairy,
Hawlucha,701,78,92,75,74,63,118,8,215,Fighting,Flying
Dedenne,702,67,58,57,81,67,101,2,22,Electric,Fairy
Carbink,703,50,50,150,50,150,50,3,57,Rock,Fairy
Goomy,704,45,50,35,55,75,40,3,28,Dragon,
Sliggoo,705,68,75,53,83,113,60,8,175,Dragon,
Goodra,706,90,100,70,110,150,80,20,1505,Dragon,
Klefki,707,57,80,91,80,87,75,2,30,Steel,Fairy
Phantump,708,43,70,48,50,60,38,4,70,Ghost,Grass
Trevenant,709,85,110,76,65,82,56,15,710,Ghost,Grass
Pumpkaboo-Average,710,49,66,70,44,55,51,4,50,Ghost,Grass
Gourgeist-Average,711,65,90,122,58,75,84,9,125,Ghost,Grass
Bergmite,712,55,69,85,32,35,28,10,995,Ice,
Avalugg,713,95,117,184,44,46,28,20,5050,Ice,
Noibat,714,40,30,35,45,40,55,5,80,Flying,Dragon
Noivern,715,85,70,80,97,80,123,15,850,Flying,Dragon
Xerneas,716,126,131,95,131,98,99,30,2150,Fairy,
Yveltal,717,126,131,95,131,98,99,58,2030,Dark,Flying
Zygarde-50,718,108,100,121,81,95,95,50,3050,Dragon,Ground
Diancie,719,50,100,150,100,150,50,7,88,Rock,Fairy
Hoopa,720,80,110,60,150,130,70,5,90,Psychic,Ghost
Volcanion,721,80,110,120,130,90,70,17,1950,Fire,Water
Rowlet,722,68,55,55,50,50,42,3,15,Grass,Flying
Dartrix,723,78,75,75,70,70,52,7,160,Grass,Flying
Decidueye,724,78,107,75,100,100,70,16,366,Grass,Ghost
Litten,725,45,65,40,60,40,70,4,43,Fire,
Torracat,726,65,85,50,80,50,90,7,250,Fire,
Incineroar,727,95,115,90,80,90,60,18,830,Fire,Dark
Popplio,728,50,54,54,66,56,40,4,75,Water,
Brionne,729,60,69,69,91,81,50,6,175,Water,
Primarina,730,80,74,74,126,116,60,18,440,Water,Fairy
Pikipek,731,35,75,30,30,30,65,3,12,Normal,Flying
Trumbeak,732,55,85,50,40,50,75,6,148,Normal,Flying
Toucannon,733,80,120,75,75,75,60,11,260,Normal,Flying
Yungoos,734,48,70,30,30,30,45,4,60,Normal,
Gumshoos,735,88,110,60,55,60,45,7,142,Normal,
Grubbin,736,47,62,45,55,45,46,4,44,Bug,
Charjabug,737,57,82,95,55,75,36,5,105,Bug,Electric
Vikavolt,738,77,70,90,145,75,43,15,450,Bug,Electric
Crabrawler,739,47,82,57,42,47,63,6,70,Fighting,
Crabominable,740,97,132,77,62,67,43,17,1800,Fighting,Ice
Oricorio-Baile,741,75,70,70,98,70,93,6,34,Fire,Flying
Cutiefly,742,40,45,40,55,40,84,1,2,Bug,Fairy
Ribombee,743,60,55,60,95,70,124,2,5,Bug,Fairy
Rockruff,744,45,65,40,30,40,60,5,92,Rock,
Lycanroc-Midday,745,75,115,65,55,65,112,8,250,Rock,
Wishiwashi-Solo,746,45,20,20,25,25,40,2,3,Water,
Mareanie,747,50,53,62,43,52,45,4,80,Poison,Water
Toxapex,748,50,63,152,53,142,35,7,145,Poison,Water
Mudbray,749,70,100,70,45,55,45,10,1100,Ground,
Mudsdale,750,100,125,100,55,85,35,25,9200,Ground,
Dewpider,751,38,40,52,40,72,27,3,40,Water,Bug
Araquanid,752,68,70,92,50,132,42,18,820,Water,Bug
Fomantis,753,40,55,35,50,35,35,3,15,Grass,
Lurantis,754,70,105,90,80,90,45,9,185,Grass,
Morelull,755,40,35,55,65,75,15,2,15,Grass,Fairy
Shiinotic,756,60,45,80,90,100,30,10,115,Grass,Fairy
Salandit,757,48,44,40,71,40,77,6,48,Poison,Fire
Salazzle,758,68,64,60,111,60,117,12,222,Poison,Fire
Stufful,759,70,75,50,45,50,50,5,68,Normal,Fighting
Bewear,760,120,125,80,55,60,60,21,1350,Normal,Fighting
Bounsweet,761,42,30,38,30,38,32,3,32,Grass,
Steenee,762,52,40,48,40,48,62,7,82,Grass,
Tsareena,763,72,120,98,50,98,72,12,214,Grass,
Comfey,764,51,52,90,82,110,100,1,3,Fairy,
Oranguru,765,90,60,80,90,110,60,15,760,Normal,Psychic
Passimian,766,100,120,90,40,60,80,20,828,Fighting,
Wimpod,767,25,35,40,20,30,80,5,120,Bug,Water
Golisopod,768,75,125,140,60,90,40,20,1080,Bug,Water
Sandygast,769,55,55,80,70,45,15,5,700,Ghost,Ground
Palossand,770,85,75,110,100,75,35,13,2500,Ghost,Ground
Pyukumuku,771,55,60,130,30,130,5,3,12,Water,
Type-Null,772,95,95,95,95,95,59,19,1205,Normal,
Silvally,773,95,95,95,95,95,95,23,1005,Normal,
Minior-Red-Meteor,774,60,60,100,60,100,60,3,400,Rock,Flying
Komala,775,65,115,65,75,95,65,4,199,Normal,
Turtonator,776,60,78,135,91,85,36,20,2120,Fire,Dragon
Togedemaru,777,65,98,63,40,73,96,3,33,Electric,Steel
Mimikyu-Disguised,778,55,90,80,50,105,96,2,7,Ghost,Fairy
Bruxish,779,68,105,70,70,70,92,9,190,Water,Psychic
Drampa,780,78,60,85,135,91,36,30,1850,Normal,Dragon
Dhelmise,781,70,131,100,86,90,40,39,2100,Ghost,Grass
Jangmo-O,782,45,55,65,45,45,45,6,297,Dragon,
Hakamo-O,783,55,75,90,65,70,65,12,470,Dragon,Fighting
Kommo-O,784,75,110,125,100,105,85,16,782,Dragon,Fighting
Tapu-Koko,785,70,115,85,95,75,130,18,205,Electric,Fairy
Tapu-Lele,786,70,85,75,130,115,95,12,186,Psychic,Fairy
Tapu-Bulu,787,70,130,115,85,95,75,19,455,Grass,Fairy
Tapu-Fini,788,70,75,115,95,130,85,13,212,Water,Fairy
Cosmog,789,43,29,31,29,31,37,2,1,Psychic,
Cosmoem,790,43,29,131,29,131,37,1,9999,Psychic,
Solgaleo,791,137,137,107,113,89,97,34,2300,Psychic,Steel
Lunala,792,137,113,89,137,107,97,40,1200,Psychic,Ghost
Nihilego,793,109,53,47,127,131,103,12,555,Rock,Poison
Buzzwole,794,107,139,139,53,53,79,24,3336,Bug,Fighting
Pheromosa,795,71,137,37,137,37,151,18,250,Bug,Fighting
Xurkitree,796,83,89,71,173,71,83,38,1000,Electric,
Celesteela,797,97,101,103,107,101,61,92,9999,Steel,Flying
Kartana,798,59,181,131,59,31,109,3,1,Grass,Steel
Guzzlord,799,223,101,53,97,53,43,55,8880,Dark,Dragon
Necrozma,800,97,107,101,127,89,79,24,2300,Psychic,
Magearna,801,80,95,115,130,115,65,10,805,Steel,Fairy
Marshadow,802,90,125,80,90,90,125,7,222,Fighting,Ghost
Poipole,803,67,73,67,73,67,73,6,18,Poison,
Naganadel,804,73,73,73,127,73,121,36,1500,Poison,Dragon
Stakataka,805,61,131,211,53,101,13,55,8200,Rock,Steel
Blacephalon,806,53,127,53,151,79,107,18,130,Fire,Ghost
Zeraora,807,88,112,75,102,80,143,15,445,Electric,
Meltan,808,46,65,65,55,35,34,2,80,Steel,
Melmetal,809,135,143,143,80,65,34,25,8000,Steel,
Grookey,810,50,65,50,40,40,65,3,50,Grass,
Thwackey,811,70,85,70,55,60,80,7,140,Grass,
Rillaboom,812,100,125,90,60,70,85,21,900,Grass,
Scorbunny,813,50,71,40,40,40,69,3,45,Fire,
Raboot,814,65,86,60,55,60,94,6,90,Fire,
Cinderace,815,80,116,75,65,75,119,14,330,Fire,
Sobble,816,50,40,40,70,40,70,3,40,Water,
Drizzile,817,65,60,55,95,55,90,7,115,Water,
Inteleon,818,70,85,65,125,65,120,19,452,Water,
Skwovet,819,70,55,55,35,35,25,3,25,Normal,
Greedent,820,120,95,95,55,75,20,6,60,Normal,
Rookidee,821,38,47,35,33,35,57,2,18,Flying,
Corvisquire,822,68,67,55,43,55,77,8,160,Flying,
Corviknight,823,98,87,105,53,85,67,22,750,Flying,Steel
Blipbug,824,25,20,20,25,45,45,4,80,Bug,
Dottler,825,50,35,80,50,90,30,4,195,Bug,Psychic
Orbeetle,826,60,45,110,80,120,90,4,408,Bug,Psychic
Nickit,827,40,28,28,47,52,50,6,89,Dark,
Thievul,828,70,58,58,87,92,90,12,199,Dark,
Gossifleur,829,40,40,60,40,60,10,4,22,Grass,
Eldegoss,830,60,50,90,80,120,60,5,25,Grass,
Wooloo,831,42,40,55,40,45,48,6,60,Normal,
Dubwool,832,72,80,100,60,90,88,13,430,Normal,
Chewtle,833,50,64,50,38,38,44,3,85,Water,
Drednaw,834,90,115,90,48,68,74,10,1155,Water,Rock
Yamper,835,59,45,50,40,50,26,3,135,Electric,
Boltund,836,69,90,60,90,60,121,10,340,Electric,
Rolycoly,837,30,40,50,40,50,30,3,120,Rock,
Carkol,838,80,60,90,60,70,50,11,780,Rock,Fire
Coalossal,839,110,80,120,80,90,30,28,3105,Rock,Fire
Applin,840,40,40,80,40,40,20,2,5,Grass,Dragon
Flapple,841,70,110,80,95,60,70,3,10,Grass,Dragon
Appletun,842,110,85,80,100,80,30,4,130,Grass,Dragon
Silicobra,843,52,57,75,35,50,46,22,76,Ground,
Sandaconda,844,72,107,125,65,70,71,38,655,Ground,
Cramorant,845,70,85,55,85,95,85,8,180,Flying,Water
Arrokuda,846,41,63,40,40,30,66,5,10,Water,
Barraskewda,847,61,123,60,60,50,136,13,300,Water,
Toxel,848,40,38,35,54,35,40,4,110,Electric,Poison
Toxtricity-Amped,849,75,98,70,114,70,75,16,400,Electric,Poison
Sizzlipede,850,50,65,45,50,50,45,7,10,Fire,Bug
Centiskorch,851,100,115,65,90,90,65,30,1200,Fire,Bug
Clobbopus,852,50,68,60,50,50,32,6,40,Fighting,
Grapploct,853,80,118,90,70,80,42,16,390,Fighting,
Sinistea,854,40,45,45,74,54,50,1,2,Ghost,
Polteageist,855,60,65,65,134,114,70,2,4,Ghost,
Hatenna,856,42,30,45,56,53,39,4,34,Psychic,
Hattrem,857,57,40,65,86,73,49,6,48,Psychic,
Hatterene,858,57,90,95,136,103,29,21,51,Psychic,Fairy
Impidimp,859,45,45,30,55,40,50,4,55,Dark,Fairy
Morgrem,860,65,60,45,75,55,70,8,125,Dark,Fairy
Grimmsnarl,861,95,120,65,95,75,60,15,610,Dark,Fairy
Obstagoon,862,93,90,101,60,81,95,16,460,Dark,Normal
Perrserker,863,70,110,100,50,60,50,8,280,Steel,
Cursola,864,60,95,50,145,130,30,10,4,Ghost,
Sirfetchd,865,62,135,95,68,82,65,8,1170,Fighting,
Mr-Rime,866,80,85,75,110,100,70,15,582,Ice,Psychic
Runerigus,867,58,95,145,50,105,30,16,666,Ground,Ghost
Milcery,868,45,40,40,50,61,34,2,3,Fairy,
Alcremie,869,65,60,75,110,121,64,3,5,Fairy,
Falinks,870,65,100,100,70,60,75,30,620,Fighting,
Pincurchin,871,48,101,95,91,85,15,3,10,Electric,
Snom,872,30,25,35,45,30,20,3,38,Ice,Bug
Frosmoth,873,70,65,60,125,90,65,13,420,Ice,Bug
Stonjourner,874,100,125,135,20,20,70,25,5200,Rock,
Eiscue-Ice,875,75,80,110,65,90,50,14,890,Ice,
Indeedee-Male,876,60,65,55,105,95,95,9,280,Psychic,Normal
Morpeko-Full-Belly,877,58,95,58,70,58,97,3,30,Electric,Dark
Cufant,878,72,80,49,40,49,40,12,1000,Steel,
Copperajah,879,122,130,69,80,69,30,30,6500,Steel,
Dracozolt,880,90,100,90,80,70,75,18,1900,Electric,Dragon
Arctozolt,881,90,100,90,90,80,55,23,1500,Electric,Ice
Dracovish,882,90,90,100,70,80,75,23,2150,Water,Dragon
Arctovish,883,90,90,100,80,90,55,20,1750,Water,Ice
Duraludon,884,70,95,115,120,50,85,18,400,Steel,Dragon
Dreepy,885,28,60,30,40,30,82,5,20,Dragon,Ghost
Drakloak,886,68,80,50,60,50,102,14,110,Dragon,Ghost
Dragapult,887,88,120,75,100,75,142,30,500,Dragon,Ghost
Zacian,888,92,120,115,80,115,138,28,1100,Fairy,
Zamazenta,889,92,120,115,80,115,138,29,2100,Fighting,
Eternatus,890,140,85,95,145,95,130,200,9500,Poison,Dragon
Kubfu,891,60,90,60,53,50,72,6,120,Fighting,
Urshifu-Single-Strike,892,100,130,100,63,60,97,19,1050,Fighting,Dark
Zarude,893,105,120,105,70,95,105,18,700,Dark,Grass
Regieleki,894,80,100,50,100,50,200,12,1450,Electric,
Regidrago,895,200,100,50,100,50,80,21,2000,Dragon,
Glastrier,896,100,145,130,65,110,30,22,8000,Ice,
Spectrier,897,100,65,60,145,80,130,20,445,Ghost,
Calyrex,898,100,80,80,80,80,80,11,77,Psychic,Grass
Wyrdeer,899,103,105,72,105,75,65,18,951,Normal,Psychic
Kleavor,900,70,135,95,45,70,85,18,890,Bug,Rock
Ursaluna,901,130,140,105,45,80,50,24,2900,Ground,Normal
Basculegion-Male,902,120,112,65,80,75,78,30,1100,Water,Ghost
Sneasler,903,80,130,60,40,80,120,13,430,Fighting,Poison
Overqwil,904,85,115,95,65,65,85,25,605,Dark,Poison
Enamorus-Incarnate,905,74,115,70,135,80,106,16,480,Fairy,Flying
Sprigatito,906,40,61,54,45,45,65,4,41,Grass,
Floragato,907,61,80,63,60,63,83,9,122,Grass,
Meowscarada,908,76,110,70,81,70,123,15,312,Grass,Dark
Fuecoco,909,67,45,59,63,40,36,4,98,Fire,
Crocalor,910,81,55,78,90,58,49,10,307,Fire,
Skeledirge,911,104,75,100,110,75,66,16,3265,Fire,Ghost
Quaxly,912,55,65,45,50,45,50,5,61,Water,
Quaxwell,913,70,85,65,65,60,65,12,215,Water,
Quaquaval,914,85,120,80,85,75,85,18,619,Water,Fighting
Lechonk,915,54,45,40,35,45,35,5,102,Normal,
Oinkologne,916,110,100,75,59,80,65,10,1200,Normal,
Tarountula,917,35,41,45,29,40,20,3,40,Bug,
Spidops,918,60,79,92,52,86,35,10,165,Bug,
Nymble,919,33,46,40,21,25,45,2,10,Bug,
Lokix,920,71,102,78,52,55,92,10,175,Bug,Dark
Pawmi,921,45,50,20,40,25,60,3,25,Electric,
Pawmo,922,60,75,40,50,40,85,4,65,Electric,Fighting
Pawmot,923,70,115,70,70,60,105,9,410,Electric,Fighting
Tandemaus,924,50,50,45,40,45,75,3,18,Normal,
Maushold,925,74,75,70,65,75,111,3,23,Normal,
Fidough,926,37,55,70,30,55,65,3,109,Fairy,
Dachsbun,927,57,80,115,50,80,95,5,149,Fairy,
Smoliv,928,41,35,45,58,51,30,3,65,Grass,Normal
Dolliv,929,52,53,60,78,78,33,6,119,Grass,Normal
Arboliva,930,78,69,90,125,109,39,14,482,Grass,Normal
Squawkabilly,931,82,96,51,45,51,92,6,24,Normal,Flying
Nacli,932,55,55,75,35,35,25,4,160,Rock,
Naclstack,933,60,60,100,35,65,35,6,1050,Rock,
Garganacl,934,100,100,130,45,90,35,23,2400,Rock,
Charcadet,935,40,50,40,50,40,35,6,105,Fire,
Armarouge,936,85,60,100,125,80,75,15,850,Fire,Psychic
Ceruledge,937,75,125,80,60,100,85,16,620,Fire,Ghost
Tadbulb,938,61,31,41,59,35,45,3,4,Electric,
Bellibolt,939,109,64,91,103,83,45,12,1130,Electric,
Wattrel,940,40,40,35,55,40,70,4,36,Electric,Flying
Kilowattrel,941,70,70,60,105,60,125,14,386,Electric,Flying
Maschiff,942,60,78,60,40,51,51,5,160,Dark,
Mabosstiff,943,80,120,90,60,70,85,11,610,Dark,
Shroodle,944,40,65,35,40,35,75,2,7,Poison,Normal
Grafaiai,945,63,95,65,80,72,110,7,272,Poison,Normal
Bramblin,946,40,65,30,45,35,60,6,6,Grass,Ghost
Brambleghast,947,55,115,70,80,70,90,12,60,Grass,Ghost
Toedscool,948,40,40,35,50,100,70,9,330,Ground,Grass
Toedscruel,949,80,70,65,80,120,100,19,580,Ground,Grass
Klawf,950,70,100,115,35,55,75,13,790,Rock,
Capsakid,951,50,62,40,62,40,50,3,30,Grass,
Scovillain,952,65,108,65,108,65,75,9,150,Grass,Fire
Rellor,953,41,50,60,31,58,30,2,10,Bug,
Rabsca,954,75,50,85,115,100,45,3,35,Bug,Psychic
Flittle,955,30,35,30,55,30,75,2,15,Psychic,
Espathra,956,95,60,60,101,60,105,19,900,Psychic,
Tinkatink,957,50,45,45,35,64,58,4,89,Fairy,Steel
Tinkatuff,958,65,55,55,45,82,78,7,591,Fairy,Steel
Tinkaton,959,85,75,77,70,105,94,7,1128,Fairy,Steel
Wiglett,960,10,55,25,35,25,95,12,18,Water,
Wugtrio,961,35,100,50,50,70,120,12,54,Water,
Bombirdier,962,70,103,85,60,85,82,15,429,Flying,Dark
Finizen,963,70,45,40,45,40,75,13,602,Water,
Palafin,964,100,70,72,53,62,100,13,602,Water,
Varoom,965,45,70,63,30,45,47,10,350,Steel,Poison
Revavroom,966,80,119,90,54,67,90,18,1200,Steel,Poison
Cyclizar,967,70,95,65,85,65,121,16,630,Dragon,Normal
Orthworm,968,70,85,145,60,55,65,25,3100,Steel,
Glimmet,969,48,35,42,105,60,60,7,80,Rock,Poison
Glimmora,970,83,55,90,130,81,86,15,450,Rock,Poison
Greavard,971,50,61,60,30,55,34,6,350,Ghost,
Houndstone,972,72,101,100,50,97,68,20,150,Ghost,
Flamigo,973,82,115,74,75,64,90,16,370,Flying,Fighting
Cetoddle,974,108,68,45,30,40,43,12,450,Ice,
Cetitan,975,170,113,65,45,55,73,45,7000,Ice,
Veluza,976,90,102,73,78,65,70,25,900,Water,Psychic
Dondozo,977,150,100,115,65,65,35,120,2200,Water,
Tatsugiri,978,68,50,60,120,95,82,3,80,Dragon,Water
Annihilape,979,110,115,80,50,90,90,12,560,Fighting,Ghost
Clodsire,980,130,75,60,45,100,20,18,2230,Poison,Ground
Farigiraf,981,120,90,70,110,70,60,32,1600,Normal,Psychic
Dudunsparce,982,125,100,80,85,75,55,36,392,Normal,
Kingambit,983,100,135,120,60,85,50,20,1200,Dark,Steel
Great-Tusk,984,115,131,131,53,53,87,22,3200,Ground,Fighting
Scream-Tail,985,115,65,99,65,115,111,12,80,Fairy,Psychic
Brute-Bonnet,986,111,127,99,79,99,55,12,210,Grass,Dark
Flutter-Mane,987,55,55,55,135,135,135,14,40,Ghost,Fairy
Slither-Wing,988,85,135,79,85,105,81,32,920,Bug,Fighting
Sandy-Shocks,989,85,81,97,121,85,101,23,600,Electric,Ground
Iron-Treads,990,90,112,120,72,70,106,9,2400,Ground,Steel
Iron-Bundle,991,56,80,114,124,60,136,6,110,Ice,Water
Iron-Hands,992,154,140,108,50,68,50,18,3807,Fighting,Electric
Iron-Jugulis,993,94,80,86,122,80,108,13,1110,Dark,Flying
Iron-Moth,994,80,70,60,140,110,110,12,360,Fire,Poison
Iron-Thorns,995,100,134,110,70,84,72,16,3030,Rock,Electric
Frigibax,996,65,75,45,35,45,55,5,170,Dragon,Ice
Arctibax,997,90,95,66,45,65,62,8,300,Dragon,Ice
Baxcalibur,998,115,145,92,75,86,87,21,2100,Dragon,Ice
