Name,Height (ft),Height (m),Weight (lbs),Weight (kgs),BMI
Pecharunt,1′00″,0.3,0.7,0.3,3.3
Terapagos,5′07″,1.7,169.8,77,26.6
Stellar Form,,,,,
Terapagos,1′00″,0.3,35.3,16,177.8
Terastal Form,,,,,
Terapagos,0′08″,0.2,14.3,6.5,162.5
Normal Form,,,,,
Iron Crown,5′03″,1.6,343.9,156,60.9
Iron Boulder,4′11″,1.5,358.3,162.5,72.2
Raging Bolt,17′01″,5.2,1058.2,480,17.8
Gouging Fire,11′06″,3.5,1300.7,590,48.2
Hydrapple,5′11″,1.8,205,93,28.7
Archaludon,6′07″,2,132.3,60,15
Ogerpon,3′11″,1.2,87.7,39.8,27.6
Cornerstone Mask,,,,,
Ogerpon,3′11″,1.2,87.7,39.8,27.6
Hearthflame Mask,,,,,
Ogerpon,3′11″,1.2,87.7,39.8,27.6
Wellspring Mask,,,,,
Ogerpon,3′11″,1.2,87.7,39.8,27.6
Teal Mask,,,,,
Fezandipiti,4′07″,1.4,66.4,30.1,15.4
Munkidori,3′03″,1,26.9,12.2,12.2
Okidogi,5′11″,1.8,202.8,92,28.4
Sinistcha,0′08″,0.2,4.9,2.2,55
Poltchageist,0′04″,0.1,2.4,1.1,110
Dipplin,1′04″,0.4,9.7,4.4,27.5
Iron Leaves,4′11″,1.5,275.6,125,55.6
Walking Wake,11′06″,3.5,617.3,280,22.9
Miraidon,11′06″,3.5,529.1,240,19.6
Koraidon,8′02″,2.5,668,303,48.5
Iron Valiant,4′07″,1.4,77.2,35,17.9
Roaring Moon,6′07″,2,837.8,380,95
Chi-Yu,1′04″,0.4,10.8,4.9,30.6
Ting-Lu,8′10″,2.7,1542.6,699.7,96
Chien-Pao,6′03″,1.9,335.5,152.2,42.2
Wo-Chien,4′11″,1.5,163.6,74.2,33
Gholdengo,3′11″,1.2,66.1,30,20.8
Gimmighoul,0′04″,0.1,0.2,0.1,10
Roaming Form,,,,,
Gimmighoul,1′00″,0.3,11,5,55.6
Chest Form,,,,,
Baxcalibur,6′11″,2.1,694.5,315,71.4
Mega Baxcalibur,,,,,
Baxcalibur,6′11″,2.1,463,210,47.6
Arctibax,2′07″,0.8,66.1,30,46.9
Frigibax,1′08″,0.5,37.5,17,68
Iron Thorns,5′03″,1.6,668,303,118.4
Iron Moth,3′11″,1.2,79.4,36,25
Iron Jugulis,4′03″,1.3,244.7,111,65.7
Iron Hands,5′11″,1.8,839.3,380.7,117.5
Iron Bundle,2′00″,0.6,24.3,11,30.6
Iron Treads,2′11″,0.9,529.1,240,296.3
Sandy Shocks,7′07″,2.3,132.3,60,11.3
Slither Wing,10′06″,3.2,202.8,92,9
Flutter Mane,4′07″,1.4,8.8,4,2
Brute Bonnet,3′11″,1.2,46.3,21,14.6
Scream Tail,3′11″,1.2,17.6,8,5.6
Great Tusk,7′03″,2.2,705.5,320,66.1
Kingambit,6′07″,2,264.6,120,30
Dudunsparce,14′09″,4.5,104.5,47.4,2.3
Three-Segment Form,,,,,
Dudunsparce,11′10″,3.6,86.4,39.2,3
Two-Segment Form,,,,,
Farigiraf,10′06″,3.2,352.7,160,15.6
Clodsire,5′11″,1.8,491.6,223,68.8
Annihilape,3′11″,1.2,123.5,56,38.9
Tatsugiri,2′00″,0.6,52.9,24,66.7
Mega Tatsugiri,,,,,
Tatsugiri,1′00″,0.3,17.6,8,88.9
Stretchy Form,,,,,
Tatsugiri,1′00″,0.3,17.6,8,88.9
Droopy Form,,,,,
Tatsugiri,1′00″,0.3,17.6,8,88.9
Curly Form,,,,,
Dondozo,39′04″,12,485,220,1.5
Veluza,8′02″,2.5,198.4,90,14.4
Cetitan,14′09″,4.5,1543.2,700,34.6
Cetoddle,3′11″,1.2,99.2,45,31.3
Flamigo,5′03″,1.6,81.6,37,14.5
Houndstone,6′07″,2,33.1,15,3.8
Greavard,2′00″,0.6,77.2,35,97.2
Glimmora,9′02″,2.8,169.8,77,9.8
Mega Glimmora,,,,,
Glimmora,4′11″,1.5,99.2,45,20
Glimmet,2′04″,0.7,17.6,8,16.3
Orthworm,8′02″,2.5,683.4,310,49.6
Cyclizar,5′03″,1.6,138.9,63,24.6
Revavroom,5′11″,1.8,264.6,120,37
Varoom,3′03″,1,77.2,35,35
Palafin,5′11″,1.8,214.7,97.4,30.1
Hero Form,,,,,
Palafin,4′03″,1.3,132.7,60.2,35.6
Zero Form,,,,,
Finizen,4′03″,1.3,132.7,60.2,35.6
Bombirdier,4′11″,1.5,94.6,42.9,19.1
Wugtrio,3′11″,1.2,11.9,5.4,3.8
Wiglett,3′11″,1.2,4,1.8,1.3
Tinkaton,2′04″,0.7,248.7,112.8,230.2
Tinkatuff,2′04″,0.7,130.3,59.1,120.6
Tinkatink,1′04″,0.4,19.6,8.9,55.6
Espathra,6′03″,1.9,198.4,90,24.9
Flittle,0′08″,0.2,3.3,1.5,37.5
Rabsca,1′00″,0.3,7.7,3.5,38.9
Rellor,0′08″,0.2,2.2,1,25
Scovillain,3′11″,1.2,48.5,22,15.3
Mega Scovillain,,,,,
Scovillain,2′11″,0.9,33.1,15,18.5
Capsakid,1′00″,0.3,6.6,3,33.3
Klawf,4′03″,1.3,174.2,79,46.7
Toedscruel,6′03″,1.9,127.9,58,16.1
Toedscool,2′11″,0.9,72.8,33,40.7
Brambleghast,3′11″,1.2,13.2,6,4.2
Bramblin,2′00″,0.6,1.3,0.6,1.7
Grafaiai,2′04″,0.7,60,27.2,55.5
Shroodle,0′08″,0.2,1.5,0.7,17.5
Mabosstiff,3′07″,1.1,134.5,61,50.4
Maschiff,1′08″,0.5,35.3,16,64
Kilowattrel,4′07″,1.4,85.1,38.6,19.7
Wattrel,1′04″,0.4,7.9,3.6,22.5
Bellibolt,3′11″,1.2,249.1,113,78.5
Tadbulb,1′00″,0.3,0.9,0.4,4.4
Ceruledge,5′03″,1.6,136.7,62,24.2
Armarouge,4′11″,1.5,187.4,85,37.8
Charcadet,2′00″,0.6,23.1,10.5,29.2
Garganacl,7′07″,2.3,529.1,240,45.4
Naclstack,2′00″,0.6,231.5,105,291.7
Nacli,1′04″,0.4,35.3,16,100
Squawkabilly,2′00″,0.6,5.3,2.4,6.7
White Plumage,,,,,
Squawkabilly,2′00″,0.6,5.3,2.4,6.7
Yellow Plumage,,,,,
Squawkabilly,2′00″,0.6,5.3,2.4,6.7
Blue Plumage,,,,,
Squawkabilly,2′00″,0.6,5.3,2.4,6.7
Green Plumage,,,,,
Arboliva,4′07″,1.4,106.3,48.2,24.6
Dolliv,2′00″,0.6,26.2,11.9,33.1
Smoliv,1′00″,0.3,14.3,6.5,72.2
Dachsbun,1′08″,0.5,32.8,14.9,59.6
Fidough,1′00″,0.3,24,10.9,121.1
Maushold,1′00″,0.3,5.1,2.3,25.6
Family of Three,,,,,
Maushold,1′00″,0.3,6.2,2.8,31.1
Family of Four,,,,,
Tandemaus,1′00″,0.3,4,1.8,20
Pawmot,2′11″,0.9,90.4,41,50.6
Pawmo,1′04″,0.4,14.3,6.5,40.6
Pawmi,1′00″,0.3,5.5,2.5,27.8
Lokix,3′03″,1,38.6,17.5,17.5
Nymble,0′08″,0.2,2.2,1,25
Spidops,3′03″,1,36.4,16.5,16.5
Tarountula,1′00″,0.3,8.8,4,44.4
Oinkologne,3′03″,1,264.6,120,120
Female,,,,,
Oinkologne,3′03″,1,264.6,120,120
Male,,,,,
Lechonk,1′08″,0.5,22.5,10.2,40.8
Quaquaval,5′11″,1.8,136.5,61.9,19.1
Quaxwell,3′11″,1.2,47.4,21.5,14.9
Quaxly,1′08″,0.5,13.4,6.1,24.4
Skeledirge,5′03″,1.6,719.8,326.5,127.5
Crocalor,3′03″,1,67.7,30.7,30.7
Fuecoco,1′04″,0.4,21.6,9.8,61.3
Meowscarada,4′11″,1.5,68.8,31.2,13.9
Floragato,2′11″,0.9,26.9,12.2,15.1
Sprigatito,1′04″,0.4,9,4.1,25.6
Enamorus,5′03″,1.6,105.8,48,18.8
Therian Forme,,,,,
Enamorus,5′03″,1.6,105.8,48,18.8
Incarnate Forme,,,,,
Overqwil,8′02″,2.5,133.4,60.5,9.7
Sneasler,4′03″,1.3,94.8,43,25.4
Basculegion,9′10″,3,242.5,110,12.2
Female,,,,,
Basculegion,9′10″,3,242.5,110,12.2
Male,,,,,
Ursaluna,8′10″,2.7,734.1,333,45.7
Bloodmoon,,,,,
Ursaluna,7′10″,2.4,639.3,290,50.3
Kleavor,5′11″,1.8,196.2,89,27.5
Wyrdeer,5′11″,1.8,209.7,95.1,29.4
Calyrex,7′10″,2.4,118.2,53.6,9.3
Shadow Rider,,,,,
Calyrex,7′10″,2.4,1783.8,809.1,140.5
Ice Rider,,,,,
Calyrex,3′07″,1.1,17,7.7,6.4
Spectrier,6′07″,2,98.1,44.5,11.1
Glastrier,7′03″,2.2,1763.7,800,165.3
Regidrago,6′11″,2.1,440.9,200,45.4
Regieleki,3′11″,1.2,319.7,145,100.7
Zarude,5′11″,1.8,154.3,70,21.6
Urshifu,6′03″,1.9,231.5,105,29.1
Rapid Strike Style,,,,,
Urshifu,6′03″,1.9,231.5,105,29.1
Single Strike Style,,,,,
Kubfu,2′00″,0.6,26.5,12,33.3
Eternatus,65′07″,20,2094.4,950,2.4
Zamazenta,9′06″,2.9,1730.6,785,93.3
Crowned Shield,,,,,
Zamazenta,9′06″,2.9,463,210,25
Hero of Many Battles,,,,,
Zacian,9′02″,2.8,782.6,355,45.3
Crowned Sword,,,,,
Zacian,9′02″,2.8,242.5,110,14
Hero of Many Battles,,,,,
Dragapult,9′10″,3,110.2,50,5.6
Drakloak,4′07″,1.4,24.3,11,5.6
Dreepy,1′08″,0.5,4.4,2,8
Duraludon,5′11″,1.8,88.2,40,12.3
Arctovish,6′07″,2,385.8,175,43.8
Dracovish,7′07″,2.3,474,215,40.6
Arctozolt,7′07″,2.3,330.7,150,28.4
Dracozolt,5′11″,1.8,418.9,190,58.6
Copperajah,9′10″,3,1433,650,72.2
Cufant,3′11″,1.2,220.5,100,69.4
Morpeko,1′00″,0.3,6.6,3,33.3
Hangry Mode,,,,,
Morpeko,1′00″,0.3,6.6,3,33.3
Full Belly Mode,,,,,
Indeedee,2′11″,0.9,61.7,28,34.6
Female,,,,,
Indeedee,2′11″,0.9,61.7,28,34.6
Male,,,,,
Eiscue,4′07″,1.4,196.2,89,45.4
Noice Face,,,,,
Eiscue,4′07″,1.4,196.2,89,45.4
Ice Face,,,,,
Stonjourner,8′02″,2.5,1146.4,520,83.2
Frosmoth,4′03″,1.3,92.6,42,24.9
Snom,1′00″,0.3,8.4,3.8,42.2
Pincurchin,1′00″,0.3,2.2,1,11.1
Falinks,9′10″,3,136.7,62,6.9
Alcremie,1′00″,0.3,1.1,0.5,5.6
Milcery,0′08″,0.2,0.7,0.3,7.5
Runerigus,5′03″,1.6,146.8,66.6,26
Mr. Rime,4′11″,1.5,128.3,58.2,25.9
Sirfetch'd,2′07″,0.8,257.9,117,182.8
Cursola,3′03″,1,0.9,0.4,0.4
Perrserker,2′07″,0.8,61.7,28,43.8
Obstagoon,5′03″,1.6,101.4,46,18
Grimmsnarl,4′11″,1.5,134.5,61,27.1
Morgrem,2′07″,0.8,27.6,12.5,19.5
Impidimp,1′04″,0.4,12.1,5.5,34.4
Hatterene,6′11″,2.1,11.2,5.1,1.2
Hattrem,2′00″,0.6,10.6,4.8,13.3
Hatenna,1′04″,0.4,7.5,3.4,21.3
Polteageist,0′08″,0.2,0.9,0.4,10
Sinistea,0′04″,0.1,0.4,0.2,20
Grapploct,5′03″,1.6,86,39,15.2
Clobbopus,2′00″,0.6,8.8,4,11.1
Centiskorch,9′10″,3,264.6,120,13.3
Sizzlipede,2′04″,0.7,2.2,1,2
Toxtricity,5′03″,1.6,88.2,40,15.6
Low Key Form,,,,,
Toxtricity,5′03″,1.6,88.2,40,15.6
Amped Form,,,,,
Toxel,1′04″,0.4,24.3,11,68.8
Barraskewda,4′03″,1.3,66.1,30,17.8
Arrokuda,1′08″,0.5,2.2,1,4
Cramorant,2′07″,0.8,39.7,18,28.1
Sandaconda,12′06″,3.8,144.4,65.5,4.5
Silicobra,7′03″,2.2,16.8,7.6,1.6
Appletun,1′04″,0.4,28.7,13,81.3
Flapple,1′00″,0.3,2.2,1,11.1
Applin,0′08″,0.2,1.1,0.5,12.5
Coalossal,9′02″,2.8,684.5,310.5,39.6
Carkol,3′07″,1.1,172,78,64.5
Rolycoly,1′00″,0.3,26.5,12,133.3
Boltund,3′03″,1,75,34,34
Yamper,1′00″,0.3,29.8,13.5,150
Drednaw,3′03″,1,254.6,115.5,115.5
Chewtle,1′00″,0.3,18.7,8.5,94.4
Dubwool,4′03″,1.3,94.8,43,25.4
Wooloo,2′00″,0.6,13.2,6,16.7
Eldegoss,1′08″,0.5,5.5,2.5,10
Gossifleur,1′04″,0.4,4.9,2.2,13.8
Thievul,3′11″,1.2,43.9,19.9,13.8
Nickit,2′00″,0.6,19.6,8.9,24.7
Orbeetle,1′04″,0.4,89.9,40.8,255
Dottler,1′04″,0.4,43,19.5,121.9
Blipbug,1′04″,0.4,17.6,8,50
Corviknight,7′03″,2.2,165.3,75,15.5
Corvisquire,2′07″,0.8,35.3,16,25
Rookidee,0′08″,0.2,4,1.8,45
Greedent,2′00″,0.6,13.2,6,16.7
Skwovet,1′00″,0.3,5.5,2.5,27.8
Inteleon,6′03″,1.9,99.6,45.2,12.5
Drizzile,2′04″,0.7,25.4,11.5,23.5
Sobble,1′00″,0.3,8.8,4,44.4
Cinderace,4′07″,1.4,72.8,33,16.8
Raboot,2′00″,0.6,19.8,9,25
Scorbunny,1′00″,0.3,9.9,4.5,50
Rillaboom,6′11″,2.1,198.4,90,20.4
Thwackey,2′04″,0.7,30.9,14,28.6
Grookey,1′00″,0.3,11,5,55.6
Melmetal,8′02″,2.5,1763.7,800,128
Meltan,0′08″,0.2,17.6,8,200
Zeraora,4′11″,1.5,98.1,44.5,19.8
Mega Zeraora,,,,,
Zeraora,4′11″,1.5,98.1,44.5,19.8
Blacephalon,5′11″,1.8,28.7,13,4
Stakataka,18′01″,5.5,1807.8,820,27.1
Naganadel,11′10″,3.6,330.7,150,11.6
Poipole,2′00″,0.6,4,1.8,5
Marshadow,2′04″,0.7,48.9,22.2,45.3
Magearna,4′03″,1.3,547,248.1,146.8
Mega Magearna,,,,,
Magearna,3′03″,1,177.5,80.5,80.5
Necrozma,24′07″,7.5,507.1,230,4.1
Ultra Necrozma,,,,,
Necrozma,13′09″,4.2,771.6,350,19.8
Dawn Wings Necrozma,,,,,
Necrozma,12′06″,3.8,1014.1,460,31.9
Dusk Mane Necrozma,,,,,
Necrozma,7′10″,2.4,507.1,230,39.9
Guzzlord,18′01″,5.5,1957.7,888,29.4
Kartana,1′00″,0.3,0.2,0.1,1.1
Celesteela,30′02″,9.2,2204.4,999.9,11.8
Xurkitree,12′06″,3.8,220.5,100,6.9
Pheromosa,5′11″,1.8,55.1,25,7.7
Buzzwole,7′10″,2.4,735.5,333.6,57.9
Nihilego,3′11″,1.2,122.4,55.5,38.5
Lunala,13′01″,4,264.6,120,7.5
Solgaleo,11′02″,3.4,507.1,230,19.9
Cosmoem,0′04″,0.1,2204.4,999.9,99990
Cosmog,0′08″,0.2,0.2,0.1,2.5
Tapu Fini,4′03″,1.3,46.7,21.2,12.5
Tapu Bulu,6′03″,1.9,100.3,45.5,12.6
Tapu Lele,3′11″,1.2,41,18.6,12.9
Tapu Koko,5′11″,1.8,45.2,20.5,6.3
Kommo-o,5′03″,1.6,172.4,78.2,30.5
Hakamo-o,3′11″,1.2,103.6,47,32.6
Jangmo-o,2′00″,0.6,65.5,29.7,82.5
Dhelmise,12′10″,3.9,463,210,13.8
Drampa,9′10″,3,407.9,185,20.6
Bruxish,2′11″,0.9,41.9,19,23.5
Mimikyu,0′08″,0.2,1.5,0.7,17.5
Togedemaru,1′00″,0.3,7.3,3.3,36.7
Turtonator,6′07″,2,467.4,212,53
Komala,1′04″,0.4,43.9,19.9,124.4
Minior,1′00″,0.3,0.7,0.3,3.3
Core Form,,,,,
Minior,1′00″,0.3,88.2,40,444.4
Meteor Form,,,,,
Silvally,7′07″,2.3,221.6,100.5,19
Type: Null,6′03″,1.9,265.7,120.5,33.4
Pyukumuku,1′00″,0.3,2.6,1.2,13.3
Palossand,4′03″,1.3,551.2,250,147.9
Sandygast,1′08″,0.5,154.3,70,280
Golisopod,7′07″,2.3,326.3,148,28
Mega Golisopod,,,,,
Golisopod,6′07″,2,238.1,108,27
Wimpod,1′08″,0.5,26.5,12,48
Passimian,6′07″,2,182.5,82.8,20.7
Oranguru,4′11″,1.5,167.6,76,33.8
Comfey,0′04″,0.1,0.7,0.3,30
Tsareena,3′11″,1.2,47.2,21.4,14.9
Steenee,2′04″,0.7,18.1,8.2,16.7
Bounsweet,1′00″,0.3,7.1,3.2,35.6
Bewear,6′11″,2.1,297.6,135,30.6
Stufful,1′08″,0.5,15,6.8,27.2
Salazzle,3′11″,1.2,48.9,22.2,15.4
Salandit,2′00″,0.6,10.6,4.8,13.3
Shiinotic,3′03″,1,25.4,11.5,11.5
Morelull,0′08″,0.2,3.3,1.5,37.5
Lurantis,2′11″,0.9,40.8,18.5,22.8
Fomantis,1′00″,0.3,3.3,1.5,16.7
Araquanid,5′11″,1.8,180.8,82,25.3
Dewpider,1′00″,0.3,8.8,4,44.4
Mudsdale,8′02″,2.5,2028.3,920,147.2
Mudbray,3′03″,1,242.5,110,110
Toxapex,2′04″,0.7,32,14.5,29.6
Mareanie,1′04″,0.4,17.6,8,50
Wishiwashi,26′11″,8.2,173.3,78.6,1.2
School Form,,,,,
Wishiwashi,0′08″,0.2,0.7,0.3,7.5
Solo Form,,,,,
Lycanroc,2′07″,0.8,55.1,25,39.1
Dusk Form,,,,,
Lycanroc,3′07″,1.1,55.1,25,20.7
Midnight Form,,,,,
Lycanroc,2′07″,0.8,55.1,25,39.1
Midday Form,,,,,
Rockruff,1′08″,0.5,20.3,9.2,36.8
Own Tempo Rockruff,,,,,
Rockruff,1′08″,0.5,20.3,9.2,36.8
Ribombee,0′08″,0.2,1.1,0.5,12.5
Cutiefly,0′04″,0.1,0.4,0.2,20
Oricorio,2′00″,0.6,7.5,3.4,9.4
Sensu Style,,,,,
Oricorio,2′00″,0.6,7.5,3.4,9.4
Pa'u Style,,,,,
Oricorio,2′00″,0.6,7.5,3.4,9.4
Pom-Pom Style,,,,,
Oricorio,2′00″,0.6,7.5,3.4,9.4
Baile Style,,,,,
Crabominable,8′06″,2.6,557.3,252.8,37.4
Mega Crabominable,,,,,
Crabominable,5′07″,1.7,396.8,180,62.3
Crabrawler,2′00″,0.6,15.4,7,19.4
Vikavolt,4′11″,1.5,99.2,45,20
Charjabug,1′08″,0.5,23.1,10.5,42
Grubbin,1′04″,0.4,9.7,4.4,27.5
Gumshoos,2′04″,0.7,31.3,14.2,29
Yungoos,1′04″,0.4,13.2,6,37.5
Toucannon,3′07″,1.1,57.3,26,21.5
Trumbeak,2′00″,0.6,32.6,14.8,41.1
Pikipek,1′00″,0.3,2.6,1.2,13.3
Primarina,5′11″,1.8,97,44,13.6
Brionne,2′00″,0.6,38.6,17.5,48.6
Popplio,1′04″,0.4,16.5,7.5,46.9
Incineroar,5′11″,1.8,183,83,25.6
Torracat,2′04″,0.7,55.1,25,51
Litten,1′04″,0.4,9.5,4.3,26.9
Decidueye,5′03″,1.6,81.6,37,14.5
Hisuian Decidueye,,,,,
Decidueye,5′03″,1.6,80.7,36.6,14.3
Dartrix,2′04″,0.7,35.3,16,32.7
Rowlet,1′00″,0.3,3.3,1.5,16.7
Volcanion,5′07″,1.7,429.9,195,67.5
Hoopa,21′04″,6.5,1080.3,490,11.6
Hoopa Unbound,,,,,
Hoopa,1′08″,0.5,19.8,9,36
Hoopa Confined,,,,,
Diancie,3′07″,1.1,61.3,27.8,23
Mega Diancie,,,,,
Diancie,2′04″,0.7,19.4,8.8,18
Zygarde,14′09″,4.5,1344.8,610,30.1
Complete Forme,,,,,
Zygarde,3′11″,1.2,73.9,33.5,23.3
10% Forme,,,,,
Zygarde,16′05″,5,672.4,305,12.2
50% Forme,,,,,
Yveltal,19′00″,5.8,447.5,203,6
Xerneas,9′10″,3,474,215,23.9
Noivern,4′11″,1.5,187.4,85,37.8
Noibat,1′08″,0.5,17.6,8,32
Avalugg,4′07″,1.4,578.5,262.4,133.9
Hisuian Avalugg,,,,,
Avalugg,6′07″,2,1113.3,505,126.3
Bergmite,3′03″,1,219.4,99.5,99.5
Gourgeist,5′07″,1.7,86,39,13.5
Super Size,,,,,
Gourgeist,3′07″,1.1,30.9,14,11.6
Large Size,,,,,
Gourgeist,2′04″,0.7,20.9,9.5,19.4
Small Size,,,,,
Gourgeist,2′11″,0.9,27.6,12.5,15.4
Average Size,,,,,
Pumpkaboo,2′07″,0.8,33.1,15,23.4
Super Size,,,,,
Pumpkaboo,1′08″,0.5,16.5,7.5,30
Large Size,,,,,
Pumpkaboo,1′00″,0.3,7.7,3.5,38.9
Small Size,,,,,
Pumpkaboo,1′04″,0.4,11,5,31.3
Average Size,,,,,
Trevenant,4′11″,1.5,156.5,71,31.6
Phantump,1′04″,0.4,15.4,7,43.8
Klefki,0′08″,0.2,6.6,3,75
Goodra,5′07″,1.7,736.6,334.1,115.6
Hisuian Goodra,,,,,
Goodra,6′07″,2,331.8,150.5,37.6
Sliggoo,2′04″,0.7,151,68.5,139.8
Hisuian Sliggoo,,,,,
Sliggoo,2′07″,0.8,38.6,17.5,27.3
Goomy,1′00″,0.3,6.2,2.8,31.1
Carbink,1′00″,0.3,12.6,5.7,63.3
Dedenne,0′08″,0.2,4.9,2.2,55
Hawlucha,3′03″,1,55.1,25,25
Mega Hawlucha,,,,,
Hawlucha,2′07″,0.8,47.4,21.5,33.6
Sylveon,3′03″,1,51.8,23.5,23.5
Aurorus,8′10″,2.7,496,225,30.9
Amaura,4′03″,1.3,55.6,25.2,14.9
Tyrantrum,8′02″,2.5,595.2,270,43.2
Tyrunt,2′07″,0.8,57.3,26,40.6
Heliolisk,3′03″,1,46.3,21,21
Helioptile,1′08″,0.5,13.2,6,24
Clawitzer,4′03″,1.3,77.8,35.3,20.9
Clauncher,1′08″,0.5,18.3,8.3,33.2
Dragalge,5′11″,1.8,179.7,81.5,25.2
Skrelp,1′08″,0.5,16.1,7.3,29.2
Barbaracle,4′03″,1.3,211.6,96,56.8
Binacle,1′08″,0.5,68.3,31,124
Malamar,9′06″,2.9,153.9,69.8,8.3
Mega Malamar,,,,,
Malamar,4′11″,1.5,103.6,47,20.9
Inkay,1′04″,0.4,7.7,3.5,21.9
Slurpuff,2′07″,0.8,11,5,7.8
Swirlix,1′04″,0.4,7.7,3.5,21.9
Aromatisse,2′07″,0.8,34.2,15.5,24.2
Spritzee,0′08″,0.2,1.1,0.5,12.5
Aegislash,5′07″,1.7,116.8,53,18.3
Blade Forme,,,,,
Aegislash,5′07″,1.7,116.8,53,18.3
Shield Forme,,,,,
Doublade,2′07″,0.8,9.9,4.5,7
Honedge,2′07″,0.8,4.4,2,3.1
Meowstic,2′07″,0.8,22.3,10.1,15.8
Mega Meowstic (Female),,,,,
Meowstic,2′07″,0.8,22.3,10.1,15.8
Mega Meowstic (Male),,,,,
Meowstic,2′00″,0.6,18.7,8.5,23.6
Female,,,,,
Meowstic,2′00″,0.6,18.7,8.5,23.6
Male,,,,,
Espurr,1′00″,0.3,7.7,3.5,38.9
Furfrou,3′11″,1.2,61.7,28,19.4
Pangoro,6′11″,2.1,299.8,136,30.8
Pancham,2′00″,0.6,17.6,8,22.2
Gogoat,5′07″,1.7,200.6,91,31.5
Skiddo,2′11″,0.9,68.3,31,38.3
Florges,3′07″,1.1,22,10,8.3
Floette,0′08″,0.2,2,0.9,22.5
Flabébé,0′04″,0.1,0.2,0.1,10
Pyroar,4′11″,1.5,179.7,81.5,36.2
Litleo,2′00″,0.6,29.8,13.5,37.5
Vivillon,3′11″,1.2,37.5,17,11.8
Spewpa,1′00″,0.3,18.5,8.4,93.3
Scatterbug,1′00″,0.3,5.5,2.5,27.8
Talonflame,3′11″,1.2,54,24.5,17
Fletchinder,2′04″,0.7,35.3,16,32.7
Fletchling,1′00″,0.3,3.7,1.7,18.9
Diggersby,3′03″,1,93.5,42.4,42.4
Bunnelby,1′04″,0.4,11,5,31.3
Greninja,4′11″,1.5,88.2,40,17.8
Ash-Greninja,,,,,
Greninja,4′11″,1.5,88.2,40,17.8
Frogadier,2′00″,0.6,24,10.9,30.3
Froakie,1′00″,0.3,15.4,7,77.8
Delphox,4′11″,1.5,86,39,17.3
Braixen,3′03″,1,32,14.5,14.5
Fennekin,1′04″,0.4,20.7,9.4,58.8
Chesnaught,5′03″,1.6,198.4,90,35.2
Quilladin,2′04″,0.7,63.9,29,59.2
Chespin,1′04″,0.4,19.8,9,56.3
Genesect,4′11″,1.5,181.9,82.5,36.7
Meloetta,2′00″,0.6,14.3,6.5,18.1
Pirouette Forme,,,,,
Meloetta,2′00″,0.6,14.3,6.5,18.1
Aria Forme,,,,,
Keldeo,4′07″,1.4,106.9,48.5,24.7
Resolute Form,,,,,
Keldeo,4′07″,1.4,106.9,48.5,24.7
Ordinary Form,,,,,
Kyurem,10′10″,3.3,716.5,325,29.8
Black Kyurem,,,,,
Kyurem,11′10″,3.6,716.5,325,25.1
White Kyurem,,,,,
Kyurem,9′10″,3,716.5,325,36.1
Landorus,4′03″,1.3,149.9,68,40.2
Therian Forme,,,,,
Landorus,4′11″,1.5,149.9,68,30.2
Incarnate Forme,,,,,
Zekrom,9′06″,2.9,760.6,345,41
Reshiram,10′06″,3.2,727.5,330,32.2
Thundurus,9′10″,3,134.5,61,6.8
Therian Forme,,,,,
Thundurus,4′11″,1.5,134.5,61,27.1
Incarnate Forme,,,,,
Tornadus,4′07″,1.4,138.9,63,32.1
Therian Forme,,,,,
Tornadus,4′11″,1.5,138.9,63,28
Incarnate Forme,,,,,
Virizion,6′07″,2,440.9,200,50
Terrakion,6′03″,1.9,573.2,260,72
Cobalion,6′11″,2.1,551.2,250,56.7
Volcarona,5′03″,1.6,101.4,46,18
Larvesta,3′07″,1.1,63.5,28.8,23.8
Hydreigon,5′11″,1.8,352.7,160,49.4
Zweilous,4′07″,1.4,110.2,50,25.5
Deino,2′07″,0.8,38.1,17.3,27
Durant,1′00″,0.3,72.8,33,366.7
Heatmor,4′07″,1.4,127.9,58,29.6
Mandibuzz,3′11″,1.2,87.1,39.5,27.4
Vullaby,1′08″,0.5,19.8,9,36
Braviary,5′07″,1.7,95.7,43.4,15
Hisuian Braviary,,,,,
Braviary,4′11″,1.5,90.4,41,18.2
Rufflet,1′08″,0.5,23.1,10.5,42
Bouffalant,5′03″,1.6,208.6,94.6,37
Bisharp,5′03″,1.6,154.3,70,27.3
Pawniard,1′08″,0.5,22.5,10.2,40.8
Golurk,13′01″,4,727.5,330,20.6
Mega Golurk,,,,,
Golurk,9′02″,2.8,727.5,330,42.1
Golett,3′03″,1,202.8,92,92
Druddigon,5′03″,1.6,306.4,139,54.3
Mienshao,4′07″,1.4,78.3,35.5,18.1
Mienfoo,2′11″,0.9,44.1,20,24.7
Stunfisk,2′04″,0.7,45.2,20.5,41.8
Galarian Stunfisk,,,,,
Stunfisk,2′04″,0.7,24.3,11,22.4
Accelgor,2′07″,0.8,55.8,25.3,39.5
Shelmet,1′04″,0.4,17,7.7,48.1
Cryogonal,3′07″,1.1,326.3,148,122.3
Beartic,8′06″,2.6,573.2,260,38.5
Cubchoo,1′08″,0.5,18.7,8.5,34
Haxorus,5′11″,1.8,232.6,105.5,32.6
Fraxure,3′03″,1,79.4,36,36
Axew,2′00″,0.6,39.7,18,50
Chandelure,3′03″,1,75.6,34.3,34.3
Lampent,2′00″,0.6,28.7,13,36.1
Litwick,1′00″,0.3,6.8,3.1,34.4
Beheeyem,3′03″,1,76.1,34.5,34.5
Elgyem,1′08″,0.5,19.8,9,36
Eelektross,6′11″,2.1,177.5,80.5,18.3
Eelektrik,3′11″,1.2,48.5,22,15.3
Tynamo,0′08″,0.2,0.7,0.3,7.5
Klinklang,2′00″,0.6,178.6,81,225
Klang,2′00″,0.6,112.4,51,141.7
Klink,1′00″,0.3,46.3,21,233.3
Ferrothorn,3′03″,1,242.5,110,110
Ferroseed,2′00″,0.6,41.4,18.8,52.2
Galvantula,2′07″,0.8,31.5,14.3,22.3
Joltik,0′04″,0.1,1.3,0.6,60
Alomomola,3′11″,1.2,69.7,31.6,21.9
Jellicent,7′03″,2.2,297.6,135,27.9
Frillish,3′11″,1.2,72.8,33,22.9
Amoonguss,2′00″,0.6,23.1,10.5,29.2
Foongus,0′08″,0.2,2.2,1,25
Escavalier,3′03″,1,72.8,33,33
Karrablast,1′08″,0.5,13,5.9,23.6
Emolga,1′04″,0.4,11,5,31.3
Sawsbuck,6′03″,1.9,203.9,92.5,25.6
Deerling,2′00″,0.6,43,19.5,54.2
Vanilluxe,4′03″,1.3,126.8,57.5,34
Vanillish,3′07″,1.1,90.4,41,33.9
Vanillite,1′04″,0.4,12.6,5.7,35.6
Swanna,4′03″,1.3,53.4,24.2,14.3
Ducklett,1′08″,0.5,12.1,5.5,22
Reuniclus,3′03″,1,44.3,20.1,20.1
Duosion,2′00″,0.6,17.6,8,22.2
Solosis,1′00″,0.3,2.2,1,11.1
Gothitelle,4′11″,1.5,97,44,19.6
Gothorita,2′04″,0.7,39.7,18,36.7
Gothita,1′04″,0.4,12.8,5.8,36.3
Cinccino,1′08″,0.5,16.5,7.5,30
Minccino,1′04″,0.4,12.8,5.8,36.3
Zoroark,5′03″,1.6,160.9,73,28.5
Hisuian Zoroark,,,,,
Zoroark,5′03″,1.6,178.8,81.1,31.7
Zorua,2′04″,0.7,27.6,12.5,25.5
Hisuian Zorua,,,,,
Zorua,2′04″,0.7,27.6,12.5,25.5
Garbodor,6′03″,1.9,236.6,107.3,29.7
Trubbish,2′00″,0.6,68.3,31,86.1
Archeops,4′07″,1.4,70.5,32,16.3
Archen,1′08″,0.5,20.9,9.5,38
Carracosta,3′11″,1.2,178.6,81,56.3
Tirtouga,2′04″,0.7,36.4,16.5,33.7
Cofagrigus,5′07″,1.7,168.7,76.5,26.5
Yamask,1′08″,0.5,3.3,1.5,6
Galarian Yamask,,,,,
Yamask,1′08″,0.5,3.3,1.5,6
Sigilyph,4′07″,1.4,30.9,14,7.1
Scrafty,3′07″,1.1,66.1,30,24.8
Scraggy,2′00″,0.6,26,11.8,32.8
Crustle,4′07″,1.4,440.9,200,102
Dwebble,1′00″,0.3,32,14.5,161.1
Maractus,3′03″,1,61.7,28,28
Darmanitan,5′07″,1.7,264.6,120,41.5
Galarian Zen Mode,,,,,
Darmanitan,5′07″,1.7,264.6,120,41.5
Galarian Standard Mode,,,,,
Darmanitan,4′03″,1.3,204.8,92.9,55
Zen Mode,,,,,
Darmanitan,4′03″,1.3,204.8,92.9,55
Standard Mode,,,,,
Darumaka,2′04″,0.7,88.2,40,81.6
Galarian Darumaka,,,,,
Darumaka,2′00″,0.6,82.7,37.5,104.2
Krookodile,4′11″,1.5,212.3,96.3,42.8
Krokorok,3′03″,1,73.6,33.4,33.4
Sandile,2′04″,0.7,33.5,15.2,31
Basculin,3′03″,1,39.7,18,18
White-Striped Form,,,,,
Basculin,3′03″,1,39.7,18,18
Blue-Striped Form,,,,,
Basculin,3′03″,1,39.7,18,18
Red-Striped Form,,,,,
Lilligant,3′11″,1.2,42.3,19.2,13.3
Hisuian Lilligant,,,,,
Lilligant,3′07″,1.1,35.9,16.3,13.5
Petilil,1′08″,0.5,14.6,6.6,26.4
Whimsicott,2′04″,0.7,14.6,6.6,13.5
Cottonee,1′00″,0.3,1.3,0.6,6.7
Scolipede,8′02″,2.5,442,200.5,32.1
Whirlipede,3′11″,1.2,129,58.5,40.6
Venipede,1′04″,0.4,11.7,5.3,33.1
Leavanny,3′11″,1.2,45.2,20.5,14.2
Swadloon,1′08″,0.5,16.1,7.3,29.2
Sewaddle,1′00″,0.3,5.5,2.5,27.8
Sawk,4′07″,1.4,112.4,51,26
Throh,4′03″,1.3,122.4,55.5,32.8
Seismitoad,4′11″,1.5,136.7,62,27.6
Palpitoad,2′07″,0.8,37.5,17,26.6
Tympole,1′08″,0.5,9.9,4.5,18
Conkeldurr,4′07″,1.4,191.8,87,44.4
Gurdurr,3′11″,1.2,88.2,40,27.8
Timburr,2′00″,0.6,27.6,12.5,34.7
Audino,4′11″,1.5,70.5,32,14.2
Mega Audino,,,,,
Audino,3′07″,1.1,68.3,31,25.6
Excadrill,2′04″,0.7,89.1,40.4,82.4
Drilbur,1′00″,0.3,18.7,8.5,94.4
Swoobat,2′11″,0.9,23.1,10.5,13
Woobat,1′04″,0.4,4.6,2.1,13.1
Gigalith,5′07″,1.7,573.2,260,90
Boldore,2′11″,0.9,224.9,102,125.9
Roggenrola,1′04″,0.4,39.7,18,112.5
Zebstrika,5′03″,1.6,175.3,79.5,31.1
Blitzle,2′07″,0.8,65.7,29.8,46.6
Unfezant,3′11″,1.2,63.9,29,20.1
Tranquill,2′00″,0.6,33.1,15,41.7
Pidove,1′00″,0.3,4.6,2.1,23.3
Musharna,3′07″,1.1,133.4,60.5,50
Munna,2′00″,0.6,51.4,23.3,64.7
Simipour,3′03″,1,63.9,29,29
Panpour,2′00″,0.6,29.8,13.5,37.5
Simisear,3′03″,1,61.7,28,28
Pansear,2′00″,0.6,24.3,11,30.6
Simisage,3′07″,1.1,67.2,30.5,25.2
Pansage,2′00″,0.6,23.1,10.5,29.2
Liepard,3′07″,1.1,82.7,37.5,31
Purrloin,1′04″,0.4,22.3,10.1,63.1
Stoutland,3′11″,1.2,134.5,61,42.4
Herdier,2′11″,0.9,32.4,14.7,18.1
Lillipup,1′04″,0.4,9,4.1,25.6
Watchog,3′07″,1.1,59.5,27,22.3
Patrat,1′08″,0.5,25.6,11.6,46.4
Samurott,4′11″,1.5,128.3,58.2,25.9
Hisuian Samurott,,,,,
Samurott,4′11″,1.5,208.6,94.6,42
Dewott,2′07″,0.8,54,24.5,38.3
Oshawott,1′08″,0.5,13,5.9,23.6
Emboar,5′03″,1.6,330.7,150,58.6
Pignite,3′03″,1,122.4,55.5,55.5
Tepig,1′08″,0.5,21.8,9.9,39.6
Serperior,10′10″,3.3,138.9,63,5.8
Servine,2′07″,0.8,35.3,16,25
Snivy,2′00″,0.6,17.9,8.1,22.5
Victini,1′04″,0.4,8.8,4,25
Arceus,10′06″,3.2,705.5,320,31.3
Shaymin,1′04″,0.4,11.5,5.2,32.5
Sky Forme,,,,,
Shaymin,0′08″,0.2,4.6,2.1,52.5
Land Forme,,,,,
Darkrai,9′10″,3,529.1,240,26.7
Mega Darkrai,,,,,
Darkrai,4′11″,1.5,111.3,50.5,22.4
Manaphy,1′00″,0.3,3.1,1.4,15.6
Phione,1′04″,0.4,6.8,3.1,19.4
Cresselia,4′11″,1.5,188.7,85.6,38
Giratina,22′08″,6.9,1433,650,13.7
Origin Forme,,,,,
Giratina,14′09″,4.5,1653.5,750,37
Altered Forme,,,,,
Regigigas,12′02″,3.7,925.9,420,30.7
Heatran,9′02″,2.8,1256.6,570,72.7
Mega Heatran,,,,,
Heatran,5′07″,1.7,948,430,148.8
Palkia,20′08″,6.3,1455,660,16.6
Origin Forme,,,,,
Palkia,13′09″,4.2,740.8,336,19
Dialga,23′00″,7,1873.9,850,17.3
Origin Forme,,,,,
Dialga,17′09″,5.4,1505.8,683,23.4
Azelf,1′00″,0.3,0.7,0.3,3.3
Mesprit,1′00″,0.3,0.7,0.3,3.3
Uxie,1′00″,0.3,0.7,0.3,3.3
Rotom,1′00″,0.3,0.7,0.3,3.3
Mow Rotom,,,,,
Rotom,1′00″,0.3,0.7,0.3,3.3
Fan Rotom,,,,,
Rotom,1′00″,0.3,0.7,0.3,3.3
Frost Rotom,,,,,
Rotom,1′00″,0.3,0.7,0.3,3.3
Wash Rotom,,,,,
Rotom,1′00″,0.3,0.7,0.3,3.3
Heat Rotom,,,,,
Rotom,1′00″,0.3,0.7,0.3,3.3
Froslass,4′03″,1.3,58.6,26.6,15.7
Dusknoir,7′03″,2.2,235,106.6,22
Probopass,4′07″,1.4,749.6,340,173.5
Gallade,5′03″,1.6,124.3,56.4,22
Mega Gallade,,,,,
Gallade,5′03″,1.6,114.6,52,20.3
Porygon-Z,2′11″,0.9,75,34,42
Mamoswine,8′02″,2.5,641.5,291,46.6
Gliscor,6′07″,2,93.7,42.5,10.6
Glaceon,2′07″,0.8,57.1,25.9,40.5
Leafeon,3′03″,1,56.2,25.5,25.5
Yanmega,6′03″,1.9,113.5,51.5,14.3
Togekiss,4′11″,1.5,83.8,38,16.9
Magmortar,5′03″,1.6,149.9,68,26.6
Electivire,5′11″,1.8,305.6,138.6,42.8
Tangrowth,6′07″,2,283.5,128.6,32.2
Rhyperior,7′10″,2.4,623.5,282.8,49.1
Lickilicky,5′07″,1.7,308.6,140,48.4
Magnezone,3′11″,1.2,396.8,180,125
Weavile,3′07″,1.1,75,34,28.1
Abomasnow,8′10″,2.7,407.9,185,25.4
Mega Abomasnow,,,,,
Abomasnow,7′03″,2.2,298.7,135.5,28
Snover,3′03″,1,111.3,50.5,50.5
Mantyke,3′03″,1,143.3,65,65
Lumineon,3′11″,1.2,52.9,24,16.7
Finneon,1′04″,0.4,15.4,7,43.8
Carnivine,4′07″,1.4,59.5,27,13.8
Toxicroak,4′03″,1.3,97.9,44.4,26.3
Croagunk,2′04″,0.7,50.7,23,46.9
Drapion,4′03″,1.3,135.6,61.5,36.4
Skorupi,2′07″,0.8,26.5,12,18.8
Hippowdon,6′07″,2,661.4,300,75
Hippopotas,2′07″,0.8,109.1,49.5,77.3
Lucario,4′03″,1.3,108.9,49.4,29.2
Mega Lucario Z,,,,,
Lucario,4′03″,1.3,126.8,57.5,34
Mega Lucario,,,,,
Lucario,3′11″,1.2,119,54,37.5
Riolu,2′04″,0.7,44.5,20.2,41.2
Munchlax,2′00″,0.6,231.5,105,291.7
Garchomp,6′03″,1.9,218.3,99,27.4
Mega Garchomp Z,,,,,
Garchomp,6′03″,1.9,209.4,95,26.3
Mega Garchomp,,,,,
Garchomp,6′03″,1.9,209.4,95,26.3
Gabite,4′07″,1.4,123.5,56,28.6
Gible,2′04″,0.7,45.2,20.5,41.8
Spiritomb,3′03″,1,238.1,108,108
Chatot,1′08″,0.5,4.2,1.9,7.6
Happiny,2′00″,0.6,53.8,24.4,67.8
Mime Jr.,2′00″,0.6,28.7,13,36.1
Bonsly,1′08″,0.5,33.1,15,60
Bronzong,4′03″,1.3,412.3,187,110.7
Bronzor,1′08″,0.5,133.4,60.5,242
Skuntank,3′03″,1,83.8,38,38
Stunky,1′04″,0.4,42.3,19.2,120
Chingling,0′08″,0.2,1.3,0.6,15
Purugly,3′03″,1,96.6,43.8,43.8
Glameow,1′08″,0.5,8.6,3.9,15.6
Honchkrow,2′11″,0.9,60.2,27.3,33.7
Mismagius,2′11″,0.9,9.7,4.4,5.4
Lopunny,4′03″,1.3,62.4,28.3,16.7
Mega Lopunny,,,,,
Lopunny,3′11″,1.2,73.4,33.3,23.1
Buneary,1′04″,0.4,12.1,5.5,34.4
Drifblim,3′11″,1.2,33.1,15,10.4
Drifloon,1′04″,0.4,2.6,1.2,7.5
Ambipom,3′11″,1.2,44.8,20.3,14.1
Gastrodon,2′11″,0.9,65.9,29.9,36.9
Shellos,1′00″,0.3,13.9,6.3,70
Cherrim,1′08″,0.5,20.5,9.3,37.2
Cherubi,1′04″,0.4,7.3,3.3,20.6
Floatzel,3′07″,1.1,73.9,33.5,27.7
Buizel,2′04″,0.7,65,29.5,60.2
Pachirisu,1′04″,0.4,8.6,3.9,24.4
Vespiquen,3′11″,1.2,84.9,38.5,26.7
Combee,1′00″,0.3,12.1,5.5,61.1
Mothim,2′11″,0.9,51.4,23.3,28.8
Wormadam,1′08″,0.5,14.3,6.5,26
Trash Cloak,,,,,
Wormadam,1′08″,0.5,14.3,6.5,26
Sandy Cloak,,,,,
Wormadam,1′08″,0.5,14.3,6.5,26
Plant Cloak,,,,,
Burmy,0′08″,0.2,7.5,3.4,85
Trash Cloak,,,,,
Burmy,0′08″,0.2,7.5,3.4,85
Sandy Cloak,,,,,
Burmy,0′08″,0.2,7.5,3.4,85
Plant Cloak,,,,,
Bastiodon,4′03″,1.3,329.6,149.5,88.5
Shieldon,1′08″,0.5,125.7,57,228
Rampardos,5′03″,1.6,226,102.5,40
Cranidos,2′11″,0.9,69.4,31.5,38.9
Roserade,2′11″,0.9,32,14.5,17.9
Budew,0′08″,0.2,2.6,1.2,30
Luxray,4′07″,1.4,92.6,42,21.4
Luxio,2′11″,0.9,67.2,30.5,37.7
Shinx,1′08″,0.5,20.9,9.5,38
Kricketune,3′03″,1,56.2,25.5,25.5
Kricketot,1′00″,0.3,4.9,2.2,24.4
Bibarel,3′03″,1,69.4,31.5,31.5
Bidoof,1′08″,0.5,44.1,20,80
Staraptor,6′03″,1.9,110.2,50,13.9
Mega Staraptor,,,,,
Staraptor,3′11″,1.2,54.9,24.9,17.3
Staravia,2′00″,0.6,34.2,15.5,43.1
Starly,1′00″,0.3,4.4,2,22.2
Empoleon,5′07″,1.7,186.3,84.5,29.2
Prinplup,2′07″,0.8,50.7,23,35.9
Piplup,1′04″,0.4,11.5,5.2,32.5
Infernape,3′11″,1.2,121.3,55,38.2
Monferno,2′11″,0.9,48.5,22,27.2
Chimchar,1′08″,0.5,13.7,6.2,24.8
Torterra,7′03″,2.2,683.4,310,64
Grotle,3′07″,1.1,213.8,97,80.2
Turtwig,1′04″,0.4,22.5,10.2,63.8
Deoxys,5′07″,1.7,134,60.8,21
Speed Forme,,,,,
Deoxys,5′07″,1.7,134,60.8,21
Defense Forme,,,,,
Deoxys,5′07″,1.7,134,60.8,21
Attack Forme,,,,,
Deoxys,5′07″,1.7,134,60.8,21
Normal Forme,,,,,
Jirachi,1′00″,0.3,2.4,1.1,12.2
Rayquaza,35′05″,10.8,864.2,392,3.4
Mega Rayquaza,,,,,
Rayquaza,23′00″,7,455.3,206.5,4.2
Groudon,16′05″,5,2204,999.7,40
Primal Groudon,,,,,
Groudon,11′06″,3.5,2094.4,950,77.6
Kyogre,32′02″,9.8,948,430,4.5
Primal Kyogre,,,,,
Kyogre,14′09″,4.5,776,352,17.4
Latios,7′07″,2.3,154.3,70,13.2
Mega Latios,,,,,
Latios,6′07″,2,132.3,60,15
Latias,5′11″,1.8,114.6,52,16
Mega Latias,,,,,
Latias,4′07″,1.4,88.2,40,20.4
Registeel,6′03″,1.9,451.9,205,56.8
Regice,5′11″,1.8,385.8,175,54
Regirock,5′07″,1.7,507.1,230,79.6
Metagross,8′02″,2.5,2078.7,942.9,150.9
Mega Metagross,,,,,
Metagross,5′03″,1.6,1212.5,550,214.8
Metang,3′11″,1.2,446.4,202.5,140.6
Beldum,2′00″,0.6,209.9,95.2,264.4
Salamence,5′11″,1.8,248.2,112.6,34.8
Mega Salamence,,,,,
Salamence,4′11″,1.5,226.2,102.6,45.6
Shelgon,3′07″,1.1,243.6,110.5,91.3
Bagon,2′00″,0.6,92.8,42.1,116.9
Luvdisc,2′00″,0.6,19.2,8.7,24.2
Relicanth,3′03″,1,51.6,23.4,23.4
Gorebyss,5′11″,1.8,49.8,22.6,7
Huntail,5′07″,1.7,59.5,27,9.3
Clamperl,1′04″,0.4,115.7,52.5,328.1
Walrein,4′07″,1.4,332,150.6,76.8
Sealeo,3′07″,1.1,193.1,87.6,72.4
Spheal,2′07″,0.8,87.1,39.5,61.7
Glalie,6′11″,2.1,772.1,350.2,79.4
Mega Glalie,,,,,
Glalie,4′11″,1.5,565.5,256.5,114
Snorunt,2′04″,0.7,37,16.8,34.3
Wynaut,2′00″,0.6,30.9,14,38.9
Absol,3′11″,1.2,108,49,34
Mega Absol Z,,,,,
Absol,3′11″,1.2,108,49,34
Mega Absol,,,,,
Absol,3′11″,1.2,103.6,47,32.6
Chimecho,3′11″,1.2,17.6,8,5.6
Mega Chimecho,,,,,
Chimecho,2′00″,0.6,2.2,1,2.8
Tropius,6′07″,2,220.5,100,25
Dusclops,5′03″,1.6,67.5,30.6,12
Duskull,2′07″,0.8,33.1,15,23.4
Banette,3′11″,1.2,28.7,13,9
Mega Banette,,,,,
Banette,3′07″,1.1,27.6,12.5,10.3
Shuppet,2′00″,0.6,5.1,2.3,6.4
Kecleon,3′03″,1,48.5,22,22
Castform,1′00″,0.3,1.8,0.8,8.9
Snowy Form,,,,,
Castform,1′00″,0.3,1.8,0.8,8.9
Rainy Form,,,,,
Castform,1′00″,0.3,1.8,0.8,8.9
Sunny Form,,,,,
Castform,1′00″,0.3,1.8,0.8,8.9
Milotic,20′04″,6.2,357.1,162,4.2
Feebas,2′00″,0.6,16.3,7.4,20.6
Armaldo,4′11″,1.5,150.4,68.2,30.3
Anorith,2′04″,0.7,27.6,12.5,25.5
Cradily,4′11″,1.5,133.2,60.4,26.8
Lileep,3′03″,1,52.5,23.8,23.8
Claydol,4′11″,1.5,238.1,108,48
Baltoy,1′08″,0.5,47.4,21.5,86
Crawdaunt,3′07″,1.1,72.3,32.8,27.1
Corphish,2′00″,0.6,25.4,11.5,31.9
Whiscash,2′11″,0.9,52,23.6,29.1
Barboach,1′04″,0.4,4.2,1.9,11.9
Solrock,3′11″,1.2,339.5,154,106.9
Lunatone,3′03″,1,370.4,168,168
Seviper,8′10″,2.7,115.7,52.5,7.2
Zangoose,4′03″,1.3,88.8,40.3,23.8
Altaria,4′11″,1.5,45.4,20.6,9.2
Mega Altaria,,,,,
Altaria,3′07″,1.1,45.4,20.6,17
Swablu,1′04″,0.4,2.6,1.2,7.5
Cacturne,4′03″,1.3,170.6,77.4,45.8
Cacnea,1′04″,0.4,113.1,51.3,320.6
Flygon,6′07″,2,180.8,82,20.5
Vibrava,3′07″,1.1,33.7,15.3,12.6
Trapinch,2′04″,0.7,33.1,15,30.6
Spinda,3′07″,1.1,11,5,4.1
Grumpig,2′11″,0.9,157.6,71.5,88.3
Spoink,2′04″,0.7,67.5,30.6,62.4
Torkoal,1′08″,0.5,177.3,80.4,321.6
Camerupt,8′02″,2.5,706.6,320.5,51.3
Mega Camerupt,,,,,
Camerupt,6′03″,1.9,485,220,60.9
Numel,2′04″,0.7,52.9,24,49
Wailord,47′07″,14.5,877.4,398,1.9
Wailmer,6′07″,2,286.6,130,32.5
Sharpedo,8′02″,2.5,287.3,130.3,20.8
Mega Sharpedo,,,,,
Sharpedo,5′11″,1.8,195.8,88.8,27.4
Carvanha,2′07″,0.8,45.9,20.8,32.5
Swalot,5′07″,1.7,176.4,80,27.7
Gulpin,1′04″,0.4,22.7,10.3,64.4
Roselia,1′00″,0.3,4.4,2,22.2
Illumise,2′00″,0.6,39,17.7,49.2
Volbeat,2′04″,0.7,39,17.7,36.1
Minun,1′04″,0.4,9.3,4.2,26.3
Plusle,1′04″,0.4,9.3,4.2,26.3
Manectric,5′11″,1.8,97,44,13.6
Mega Manectric,,,,,
Manectric,4′11″,1.5,88.6,40.2,17.9
Electrike,2′00″,0.6,33.5,15.2,42.2
Medicham,4′03″,1.3,69.4,31.5,18.6
Mega Medicham,,,,,
Medicham,4′03″,1.3,69.4,31.5,18.6
Meditite,2′00″,0.6,24.7,11.2,31.1
Aggron,7′03″,2.2,870.8,395,81.6
Mega Aggron,,,,,
Aggron,6′11″,2.1,793.7,360,81.6
Lairon,2′11″,0.9,264.6,120,148.1
Aron,1′04″,0.4,132.3,60,375
Mawile,3′03″,1,51.8,23.5,23.5
Mega Mawile,,,,,
Mawile,2′00″,0.6,25.4,11.5,31.9
Sableye,1′08″,0.5,354.9,161,644
Mega Sableye,,,,,
Sableye,1′08″,0.5,24.3,11,44
Delcatty,3′07″,1.1,71.9,32.6,26.9
Skitty,2′00″,0.6,24.3,11,30.6
Nosepass,3′03″,1,213.8,97,97
Azurill,0′08″,0.2,4.4,2,50
Hariyama,7′07″,2.3,559.5,253.8,48
Makuhita,3′03″,1,190.5,86.4,86.4
Exploud,4′11″,1.5,185.2,84,37.3
Loudred,3′03″,1,89.3,40.5,40.5
Whismur,2′00″,0.6,35.9,16.3,45.3
Shedinja,2′07″,0.8,2.6,1.2,1.9
Ninjask,2′07″,0.8,26.5,12,18.8
Nincada,1′08″,0.5,12.1,5.5,22
Slaking,6′07″,2,287.7,130.5,32.6
Vigoroth,4′07″,1.4,102.5,46.5,23.7
Slakoth,2′07″,0.8,52.9,24,37.5
Breloom,3′11″,1.2,86.4,39.2,27.2
Shroomish,1′04″,0.4,9.9,4.5,28.1
Masquerain,2′07″,0.8,7.9,3.6,5.6
Surskit,1′08″,0.5,3.7,1.7,6.8
Gardevoir,5′03″,1.6,106.7,48.4,18.9
Mega Gardevoir,,,,,
Gardevoir,5′03″,1.6,106.7,48.4,18.9
Kirlia,2′07″,0.8,44.5,20.2,31.6
Ralts,1′04″,0.4,14.6,6.6,41.3
Pelipper,3′11″,1.2,61.7,28,19.4
Wingull,2′00″,0.6,20.9,9.5,26.4
Swellow,2′04″,0.7,43.7,19.8,40.4
Taillow,1′00″,0.3,5.1,2.3,25.6
Shiftry,4′03″,1.3,131.4,59.6,35.3
Nuzleaf,3′03″,1,61.7,28,28
Seedot,1′08″,0.5,8.8,4,16
Ludicolo,4′11″,1.5,121.3,55,24.4
Lombre,3′11″,1.2,71.7,32.5,22.6
Lotad,1′08″,0.5,5.7,2.6,10.4
Dustox,3′11″,1.2,69.7,31.6,21.9
Cascoon,2′04″,0.7,25.4,11.5,23.5
Beautifly,3′03″,1,62.6,28.4,28.4
Silcoon,2′00″,0.6,22,10,27.8
Wurmple,1′00″,0.3,7.9,3.6,40
Linoone,1′08″,0.5,71.7,32.5,130
Galarian Linoone,,,,,
Linoone,1′08″,0.5,71.7,32.5,130
Zigzagoon,1′04″,0.4,38.6,17.5,109.4
Galarian Zigzagoon,,,,,
Zigzagoon,1′04″,0.4,38.6,17.5,109.4
Mightyena,3′03″,1,81.6,37,37
Poochyena,1′08″,0.5,30,13.6,54.4
Swampert,6′03″,1.9,224.9,102,28.3
Mega Swampert,,,,,
Swampert,4′11″,1.5,180.6,81.9,36.4
Marshtomp,2′04″,0.7,61.7,28,57.1
Mudkip,1′04″,0.4,16.8,7.6,47.5
Blaziken,6′03″,1.9,114.6,52,14.4
Mega Blaziken,,,,,
Blaziken,6′03″,1.9,114.6,52,14.4
Combusken,2′11″,0.9,43,19.5,24.1
Torchic,1′04″,0.4,5.5,2.5,15.6
Sceptile,6′03″,1.9,121.7,55.2,15.3
Mega Sceptile,,,,,
Sceptile,5′07″,1.7,115.1,52.2,18.1
Grovyle,2′11″,0.9,47.6,21.6,26.7
Treecko,1′08″,0.5,11,5,20
Celebi,2′00″,0.6,11,5,13.9
Ho-oh,12′06″,3.8,438.7,199,13.8
Lugia,17′01″,5.2,476.2,216,8
Tyranitar,8′02″,2.5,562.2,255,40.8
Mega Tyranitar,,,,,
Tyranitar,6′07″,2,445.3,202,50.5
Pupitar,3′11″,1.2,335.1,152,105.6
Larvitar,2′00″,0.6,158.7,72,200
Suicune,6′07″,2,412.3,187,46.8
Entei,6′11″,2.1,436.5,198,44.9
Raikou,6′03″,1.9,392.4,178,49.3
Blissey,4′11″,1.5,103.2,46.8,20.8
Miltank,3′11″,1.2,166.4,75.5,52.4
Magby,2′04″,0.7,47.2,21.4,43.7
Elekid,2′00″,0.6,51.8,23.5,65.3
Smoochum,1′04″,0.4,13.2,6,37.5
Hitmontop,4′07″,1.4,105.8,48,24.5
Tyrogue,2′04″,0.7,46.3,21,42.9
Smeargle,3′11″,1.2,127.9,58,40.3
Stantler,4′07″,1.4,157,71.2,36.3
Porygon2,2′00″,0.6,71.7,32.5,90.3
Donphan,3′07″,1.1,264.6,120,99.2
Phanpy,1′08″,0.5,73.9,33.5,134
Kingdra,5′11″,1.8,335.1,152,46.9
Houndoom,6′03″,1.9,109.1,49.5,13.7
Mega Houndoom,,,,,
Houndoom,4′07″,1.4,77.2,35,17.9
Houndour,2′00″,0.6,23.8,10.8,30
Skarmory,5′07″,1.7,111.3,50.5,17.5
Mantine,6′11″,2.1,485,220,49.9
Delibird,2′11″,0.9,35.3,16,19.8
Octillery,2′11″,0.9,62.8,28.5,35.2
Remoraid,2′00″,0.6,26.5,12,33.3
Corsola,2′00″,0.6,1.1,0.5,1.4
Galarian Corsola,,,,,
Corsola,2′00″,0.6,11,5,13.9
Piloswine,3′07″,1.1,123,55.8,46.1
Swinub,1′04″,0.4,14.3,6.5,40.6
Magcargo,2′07″,0.8,121.3,55,85.9
Slugma,2′04″,0.7,77.2,35,71.4
Ursaring,5′11″,1.8,277.3,125.8,38.8
Teddiursa,2′00″,0.6,19.4,8.8,24.4
Sneasel,2′11″,0.9,59.5,27,33.3
Hisuian Sneasel,,,,,
Sneasel,2′11″,0.9,61.7,28,34.6
Heracross,5′07″,1.7,137.8,62.5,21.6
Mega Heracross,,,,,
Heracross,4′11″,1.5,119,54,24
Shuckle,2′00″,0.6,45.2,20.5,56.9
Scizor,6′07″,2,275.6,125,31.3
Mega Scizor,,,,,
Scizor,5′11″,1.8,260.1,118,36.4
Qwilfish,1′08″,0.5,8.6,3.9,15.6
Hisuian Qwilfish,,,,,
Qwilfish,1′08″,0.5,8.6,3.9,15.6
Granbull,4′07″,1.4,107.4,48.7,24.8
Snubbull,2′00″,0.6,17.2,7.8,21.7
Steelix,34′05″,10.5,1631.4,740,6.7
Mega Steelix,,,,,
Steelix,30′02″,9.2,881.8,400,4.7
Gligar,3′07″,1.1,142.9,64.8,53.6
Dunsparce,4′11″,1.5,30.9,14,6.2
Forretress,3′11″,1.2,277.3,125.8,87.4
Pineco,2′00″,0.6,15.9,7.2,20
Girafarig,4′11″,1.5,91.5,41.5,18.4
Wobbuffet,4′03″,1.3,62.8,28.5,16.9
Unown,1′08″,0.5,11,5,20
Misdreavus,2′04″,0.7,2.2,1,2
Slowking,5′11″,1.8,175.3,79.5,24.5
Galarian Slowking,,,,,
Slowking,6′07″,2,175.3,79.5,19.9
Murkrow,1′08″,0.5,4.6,2.1,8.4
Umbreon,3′03″,1,59.5,27,27
Espeon,2′11″,0.9,58.4,26.5,32.7
Quagsire,4′07″,1.4,165.3,75,38.3
Wooper,1′04″,0.4,24.3,11,68.8
Paldean Wooper,,,,,
Wooper,1′04″,0.4,18.7,8.5,53.1
Yanma,3′11″,1.2,83.8,38,26.4
Sunflora,2′07″,0.8,18.7,8.5,13.3
Sunkern,1′00″,0.3,4,1.8,20
Aipom,2′07″,0.8,25.4,11.5,18
Jumpluff,2′07″,0.8,6.6,3,4.7
Skiploom,2′00″,0.6,2.2,1,2.8
Hoppip,1′04″,0.4,1.1,0.5,3.1
Politoed,3′07″,1.1,74.7,33.9,28
Sudowoodo,3′11″,1.2,83.8,38,26.4
Azumarill,2′07″,0.8,62.8,28.5,44.5
Marill,1′04″,0.4,18.7,8.5,53.1
Bellossom,1′04″,0.4,12.8,5.8,36.3
Ampharos,4′07″,1.4,135.6,61.5,31.4
Mega Ampharos,,,,,
Ampharos,4′07″,1.4,135.6,61.5,31.4
Flaaffy,2′07″,0.8,29.3,13.3,20.8
Mareep,2′00″,0.6,17.2,7.8,21.7
Xatu,4′11″,1.5,33.1,15,6.7
Natu,0′08″,0.2,4.4,2,50
Togetic,2′00″,0.6,7.1,3.2,8.9
Togepi,1′00″,0.3,3.3,1.5,16.7
Igglybuff,1′00″,0.3,2.2,1,11.1
Cleffa,1′00″,0.3,6.6,3,33.3
Pichu,1′00″,0.3,4.4,2,22.2
Lanturn,3′11″,1.2,49.6,22.5,15.6
Chinchou,1′08″,0.5,26.5,12,48
Crobat,5′11″,1.8,165.3,75,23.1
Ariados,3′07″,1.1,73.9,33.5,27.7
Spinarak,1′08″,0.5,18.7,8.5,34
Ledian,4′07″,1.4,78.5,35.6,18.2
Ledyba,3′03″,1,23.8,10.8,10.8
Noctowl,5′03″,1.6,89.9,40.8,15.9
Hoothoot,2′04″,0.7,46.7,21.2,43.3
Furret,5′11″,1.8,71.7,32.5,10
Sentret,2′07″,0.8,13.2,6,9.4
Feraligatr,7′07″,2.3,195.8,88.8,16.8
Croconaw,3′07″,1.1,55.1,25,20.7
Totodile,2′00″,0.6,20.9,9.5,26.4
Typhlosion,5′03″,1.6,153.9,69.8,27.3
Hisuian Typhlosion,,,,,
Typhlosion,5′07″,1.7,175.3,79.5,27.5
Quilava,2′11″,0.9,41.9,19,23.5
Cyndaquil,1′08″,0.5,17.4,7.9,31.6
Meganium,5′11″,1.8,221.6,100.5,31
Bayleef,3′11″,1.2,34.8,15.8,11
Chikorita,2′11″,0.9,14.1,6.4,7.9
Mew,1′04″,0.4,8.8,4,25
Mewtwo,4′11″,1.5,72.8,33,14.7
Mega Mewtwo Y,,,,,
Mewtwo,7′07″,2.3,280,127,24
Mega Mewtwo X,,,,,
Mewtwo,6′07″,2,269,122,30.5
Dragonite,7′03″,2.2,639.3,290,59.9
Mega Dragonite,,,,,
Dragonite,7′03″,2.2,463,210,43.4
Dragonair,13′01″,4,36.4,16.5,1
Dratini,5′11″,1.8,7.3,3.3,1
Moltres,6′07″,2,145.5,66,16.5
Galarian Moltres,,,,,
Moltres,6′07″,2,132.3,60,15
Zapdos,5′03″,1.6,128.3,58.2,22.7
Galarian Zapdos,,,,,
Zapdos,5′03″,1.6,116,52.6,20.5
Articuno,5′07″,1.7,112.2,50.9,17.6
Galarian Articuno,,,,,
Articuno,5′07″,1.7,122.1,55.4,19.2
Snorlax,6′11″,2.1,1014.1,460,104.3
Aerodactyl,6′11″,2.1,174.2,79,17.9
Mega Aerodactyl,,,,,
Aerodactyl,5′11″,1.8,130.1,59,18.2
Kabutops,4′03″,1.3,89.3,40.5,24
Kabuto,1′08″,0.5,25.4,11.5,46
Omastar,3′03″,1,77.2,35,35
Omanyte,1′04″,0.4,16.5,7.5,46.9
Porygon,2′07″,0.8,80.5,36.5,57
Flareon,2′11″,0.9,55.1,25,30.9
Jolteon,2′07″,0.8,54,24.5,38.3
Vaporeon,3′03″,1,63.9,29,29
Eevee,1′00″,0.3,14.3,6.5,72.2
Partner Eevee,,,,,
Eevee,1′00″,0.3,14.3,6.5,72.2
Ditto,1′00″,0.3,8.8,4,44.4
Lapras,8′02″,2.5,485,220,35.2
Gyarados,21′04″,6.5,672.4,305,7.2
Mega Gyarados,,,,,
Gyarados,21′04″,6.5,518.1,235,5.6
Magikarp,2′11″,0.9,22,10,12.3
Tauros,4′07″,1.4,242.5,110,56.1
Aqua Breed,,,,,
Tauros,4′07″,1.4,187.4,85,43.4
Blaze Breed,,,,,
Tauros,4′07″,1.4,253.5,115,58.7
Combat Breed,,,,,
Tauros,4′07″,1.4,194.9,88.4,45.1
Pinsir,5′07″,1.7,130.1,59,20.4
Mega Pinsir,,,,,
Pinsir,4′11″,1.5,121.3,55,24.4
Magmar,4′03″,1.3,98.1,44.5,26.3
Electabuzz,3′07″,1.1,66.1,30,24.8
Jynx,4′07″,1.4,89.5,40.6,20.7
Scyther,4′11″,1.5,123.5,56,24.9
Mr. Mime,4′07″,1.4,125.2,56.8,29
Galarian Mr. Mime,,,,,
Mr. Mime,4′03″,1.3,120.2,54.5,32.2
Starmie,3′07″,1.1,176.4,80,66.1
Staryu,2′07″,0.8,76.1,34.5,53.9
Seaking,4′03″,1.3,86,39,23.1
Goldeen,2′00″,0.6,33.1,15,41.7
Seadra,3′11″,1.2,55.1,25,17.4
Horsea,1′04″,0.4,17.6,8,50
Kangaskhan,7′03″,2.2,220.5,100,20.7
Mega Kangaskhan,,,,,
Kangaskhan,7′03″,2.2,176.4,80,16.5
Tangela,3′03″,1,77.2,35,35
Chansey,3′07″,1.1,76.3,34.6,28.6
Rhydon,6′03″,1.9,264.6,120,33.2
Rhyhorn,3′03″,1,253.5,115,115
Weezing,9′10″,3,35.3,16,1.8
Galarian Weezing,,,,,
Weezing,3′11″,1.2,20.9,9.5,6.6
Koffing,2′00″,0.6,2.2,1,2.8
Lickitung,3′11″,1.2,144.4,65.5,45.5
Hitmonchan,4′07″,1.4,110.7,50.2,25.6
Hitmonlee,4′11″,1.5,109.8,49.8,22.1
Marowak,3′03″,1,75,34,34
Alolan Marowak,,,,,
Marowak,3′03″,1,99.2,45,45
Cubone,1′04″,0.4,14.3,6.5,40.6
Exeggutor,35′09″,10.9,916.2,415.6,3.5
Alolan Exeggutor,,,,,
Exeggutor,6′07″,2,264.6,120,30
Exeggcute,1′04″,0.4,5.5,2.5,15.6
Electrode,3′11″,1.2,156.5,71,49.3
Hisuian Electrode,,,,,
Electrode,3′11″,1.2,146.8,66.6,46.3
Voltorb,1′08″,0.5,28.7,13,52
Hisuian Voltorb,,,,,
Voltorb,1′08″,0.5,22.9,10.4,41.6
Kingler,4′03″,1.3,132.3,60,35.5
Krabby,1′04″,0.4,14.3,6.5,40.6
Hypno,5′03″,1.6,166.7,75.6,29.5
Drowzee,3′03″,1,71.4,32.4,32.4
Onix,28′10″,8.8,463,210,2.7
Gengar,4′07″,1.4,89.3,40.5,20.7
Mega Gengar,,,,,
Gengar,4′11″,1.5,89.3,40.5,18
Haunter,5′03″,1.6,0.2,0.1,0
Gastly,4′03″,1.3,0.2,0.1,0.1
Cloyster,4′11″,1.5,292.1,132.5,58.9
Shellder,1′00″,0.3,8.8,4,44.4
Muk,3′03″,1,114.6,52,52
Alolan Muk,,,,,
Muk,3′11″,1.2,66.1,30,20.8
Grimer,2′04″,0.7,92.6,42,85.7
Alolan Grimer,,,,,
Grimer,2′11″,0.9,66.1,30,37
Dewgong,5′07″,1.7,264.6,120,41.5
Seel,3′07″,1.1,198.4,90,74.4
Dodrio,5′11″,1.8,187.8,85.2,26.3
Doduo,4′07″,1.4,86.4,39.2,20
Farfetch'd,2′07″,0.8,92.6,42,65.6
Galarian Farfetch'd,,,,,
Farfetch'd,2′07″,0.8,33.1,15,23.4
Magneton,3′03″,1,132.3,60,60
Magnemite,1′00″,0.3,13.2,6,66.7
Slowbro,5′03″,1.6,155.4,70.5,27.5
Galarian Slowbro,,,,,
Slowbro,6′07″,2,264.6,120,30
Mega Slowbro,,,,,
Slowbro,5′03″,1.6,173.1,78.5,30.7
Slowpoke,3′11″,1.2,79.4,36,25
Galarian Slowpoke,,,,,
Slowpoke,3′11″,1.2,79.4,36,25
Rapidash,5′07″,1.7,176.4,80,27.7
Galarian Rapidash,,,,,
Rapidash,5′07″,1.7,209.4,95,32.9
Ponyta,2′07″,0.8,52.9,24,37.5
Galarian Ponyta,,,,,
Ponyta,3′03″,1,66.1,30,30
Golem,5′07″,1.7,696.7,316,109.3
Alolan Golem,,,,,
Golem,4′07″,1.4,661.4,300,153.1
Graveler,3′03″,1,242.5,110,110
Alolan Graveler,,,,,
Graveler,3′03″,1,231.5,105,105
Geodude,1′04″,0.4,44.8,20.3,126.9
Alolan Geodude,,,,,
Geodude,1′04″,0.4,44.1,20,125
Tentacruel,5′03″,1.6,121.3,55,21.5
Tentacool,2′11″,0.9,100.3,45.5,56.2
Victreebel,14′09″,4.5,276.7,125.5,6.2
Mega Victreebel,,,,,
Victreebel,5′07″,1.7,34.2,15.5,5.4
Weepinbell,3′03″,1,14.1,6.4,6.4
Bellsprout,2′04″,0.7,8.8,4,8.2
Machamp,5′03″,1.6,286.6,130,50.8
Machoke,4′11″,1.5,155.4,70.5,31.3
Machop,2′07″,0.8,43,19.5,30.5
Alakazam,3′11″,1.2,105.8,48,33.3
Mega Alakazam,,,,,
Alakazam,4′11″,1.5,105.8,48,21.3
Kadabra,4′03″,1.3,124.6,56.5,33.4
Abra,2′11″,0.9,43,19.5,24.1
Poliwrath,4′03″,1.3,119,54,32
Poliwhirl,3′03″,1,44.1,20,20
Poliwag,2′00″,0.6,27.3,12.4,34.4
Arcanine,6′07″,2,370.4,168,42
Hisuian Arcanine,,,,,
Arcanine,6′03″,1.9,341.7,155,42.9
Growlithe,2′07″,0.8,50,22.7,35.5
Hisuian Growlithe,,,,,
Growlithe,2′04″,0.7,41.9,19,38.8
Primeape,3′03″,1,70.5,32,32
Mankey,1′08″,0.5,61.7,28,112
Golduck,5′07″,1.7,168.9,76.6,26.5
Psyduck,2′07″,0.8,43.2,19.6,30.6
Persian,3′07″,1.1,72.8,33,27.3
Alolan Persian,,,,,
Persian,3′03″,1,70.5,32,32
Meowth,1′04″,0.4,16.5,7.5,46.9
Galarian Meowth,,,,,
Meowth,1′04″,0.4,9.3,4.2,26.3
Alolan Meowth,,,,,
Meowth,1′04″,0.4,9.3,4.2,26.3
Dugtrio,2′04″,0.7,146.8,66.6,135.9
Alolan Dugtrio,,,,,
Dugtrio,2′04″,0.7,73.4,33.3,68
Diglett,0′08″,0.2,2.2,1,25
Alolan Diglett,,,,,
Diglett,0′08″,0.2,1.8,0.8,20
Venomoth,4′11″,1.5,27.6,12.5,5.6
Venonat,3′03″,1,66.1,30,30
Parasect,3′03″,1,65,29.5,29.5
Paras,1′00″,0.3,11.9,5.4,60
Vileplume,3′11″,1.2,41,18.6,12.9
Gloom,2′07″,0.8,19,8.6,13.4
Oddish,1′08″,0.5,11.9,5.4,21.6
Golbat,5′03″,1.6,121.3,55,21.5
Zubat,2′07″,0.8,16.5,7.5,11.7
Wigglytuff,3′03″,1,26.5,12,12
Jigglypuff,1′08″,0.5,12.1,5.5,22
Ninetales,3′07″,1.1,43.9,19.9,16.4
Alolan Ninetales,,,,,
Ninetales,3′07″,1.1,43.9,19.9,16.4
Vulpix,2′00″,0.6,21.8,9.9,27.5
Alolan Vulpix,,,,,
Vulpix,2′00″,0.6,21.8,9.9,27.5
Clefable,4′03″,1.3,88.2,40,23.7
Clefairy,2′00″,0.6,16.5,7.5,20.8
Nidoking,4′07″,1.4,136.7,62,31.6
Nidorino,2′11″,0.9,43,19.5,24.1
Nidoran♂,1′08″,0.5,19.8,9,36
Nidoqueen,4′03″,1.3,132.3,60,35.5
Nidorina,2′07″,0.8,44.1,20,31.3
Nidoran♀,1′04″,0.4,15.4,7,43.8
Sandslash,3′11″,1.2,121.3,55,38.2
Alolan Sandslash,,,,,
Sandslash,3′03″,1,65,29.5,29.5
Sandshrew,2′04″,0.7,88.2,40,81.6
Alolan Sandshrew,,,,,
Sandshrew,2′00″,0.6,26.5,12,33.3
Raichu,3′03″,1,57.3,26,26
Mega Raichu Y,,,,,
Raichu,3′11″,1.2,83.8,38,26.4
Mega Raichu X,,,,,
Raichu,2′04″,0.7,46.3,21,42.9
Alolan Raichu,,,,,
Raichu,2′07″,0.8,66.1,30,46.9
Pikachu,1′04″,0.4,13.2,6,37.5
Partner Pikachu,,,,,
Pikachu,1′04″,0.4,13.2,6,37.5
Arbok,11′06″,3.5,143.3,65,5.3
Ekans,6′07″,2,15.2,6.9,1.7
Fearow,3′11″,1.2,83.8,38,26.4
Spearow,1′00″,0.3,4.4,2,22.2
Raticate,2′04″,0.7,56.2,25.5,52
Alolan Raticate,,,,,
Raticate,2′04″,0.7,40.8,18.5,37.8
Rattata,1′00″,0.3,8.4,3.8,42.2
Alolan Rattata,,,,,
Rattata,1′00″,0.3,7.7,3.5,38.9
Pidgeot,7′03″,2.2,111.3,50.5,10.4
Mega Pidgeot,,,,,
Pidgeot,4′11″,1.5,87.1,39.5,17.6
Pidgeotto,3′07″,1.1,66.1,30,24.8
Pidgey,1′00″,0.3,4,1.8,20
Beedrill,4′07″,1.4,89.3,40.5,20.7
Mega Beedrill,,,,,
Beedrill,3′03″,1,65,29.5,29.5
Kakuna,2′00″,0.6,22,10,27.8
Weedle,1′00″,0.3,7.1,3.2,35.6
Butterfree,3′07″,1.1,70.5,32,26.4
Metapod,2′04″,0.7,21.8,9.9,20.2
Caterpie,1′00″,0.3,6.4,2.9,32.2
Blastoise,5′03″,1.6,222.9,101.1,39.5
Mega Blastoise,,,,,
Blastoise,5′03″,1.6,188.5,85.5,33.4
Wartortle,3′03″,1,49.6,22.5,22.5
Squirtle,1′08″,0.5,19.8,9,36
Charizard,5′07″,1.7,221.6,100.5,34.8
Mega Charizard Y,,,,,
Charizard,5′07″,1.7,243.6,110.5,38.2
Mega Charizard X,,,,,
Charizard,5′07″,1.7,199.5,90.5,31.3
Charmeleon,3′07″,1.1,41.9,19,15.7
Charmander,2′00″,0.6,18.7,8.5,23.6
Venusaur,7′10″,2.4,342.8,155.5,27
Mega Venusaur,,,,,
Venusaur,6′07″,2,220.5,100,25
Ivysaur,3′03″,1,28.7,13,13
Bulbasaur,2′04″,0.7,15.2,6.9,14.1
